shiftname,start time,end time,length,date,route,department
UCREW3EVE,19:30,21:30,2.0,2014-01-20,,Service
30,18:30:00,21:30:00,3.0,2014-01-24,,Service
UCREW4,18:30:00,21:30:00,3.0,2014-01-27,,Service
Trainee,10:02,11:27,1.5,2014-01-13,,Training
Fees,12:00,17:45,5.75,2014-01-12,,Training
UCREW2,18:30:00,21:30:00,3.0,2014-01-28,,Service
UCREW5,18:30:00,21:30:00,3.0,2014-01-29,,Service
UCREW2,18:30:00,21:30:00,3.0,2014-01-30,,Service
UCREW2,18:30:00,21:30:00,3.0,2014-02-03,,Service
UCREW4,18:30:00,21:30:00,3.0,2014-02-04,,Service
UCREW3,18:30:00,21:30:00,3.0,2014-02-05,,Service
UCREW3,18:30:00,21:30:00,3.0,2014-02-06,,Service
UCREW6,18:30:00,21:30:00,3.0,2014-02-07,,Service
UCREW6,18:30:00,21:30:00,3.0,2014-02-10,,Service
UCREW2,18:30:00,21:30:00,3.0,2014-02-11,,Service
UCREW1,18:30:00,21:30:00,3.0,2014-02-12,,Service
UCREW6,18:30:00,21:30:00,3.0,2014-02-13,,Service
UCREW6,18:30,21:30,3.0,2014-02-17,,Service
UCREW6,18:30:00,21:30:00,3.0,2014-02-18,,Service
UCREW5,18:30:00,21:30:00,3.0,2014-02-19,,Service
UCREW3,18:30:00,21:30:00,3.0,2014-02-20,,Service
UCREW5,18:30:00,21:30:00,3.0,2014-02-21,,Service
UCREW6,18:30:00,21:30:00,3.0,2014-02-24,,Service
UCREW2,18:30:00,21:30:00,3.0,2014-02-25,,Service
UCREW4,18:30:00,21:30:00,3.0,2014-02-27,,Service
UCREW6,18:30:00,21:30:00,3.0,2014-03-03,,Service
UCREW2,18:30:00,21:30:00,3.0,2014-03-04,,Service
UCREW6,18:30:00,21:30:00,3.0,2014-03-10,,Service
UCREW2,18:30:00,21:30:00,3.0,2014-03-11,,Service
UCREW4,18:30:00,21:30:00,3.0,2014-03-13,,Service
UCREW2,18:30:00,21:30:00,3.0,2014-03-25,,Service
UCREW3,18:30:00,21:30:00,3.0,2014-03-27,,Service
UCREW6,18:30:00,21:30:00,3.0,2014-03-31,,Service
UCREW2,18:30:00,21:30:00,3.0,2014-04-01,,Service
UCREW6,18:30:00,21:30:00,3.0,2014-04-07,,Service
UCREW2,18:30:00,21:30:00,3.0,2014-04-08,,Service
Service1 MID,10:41,14:47,4.0,2014-04-10,,Service
UCREW6,18:30:00,21:30:00,3.0,2014-04-14,,Service
UCREW2,18:30:00,21:30:00,3.0,2014-04-15,,Service
UCREW6,18:30,21:30,3.0,2014-04-21,,Service
UCREW4,18:30:00,21:30:00,3.0,2014-04-24,,Service
UCREW6,18:30:00,21:30:00,3.0,2014-04-28,,Service
UCREW2,18:30:00,21:30:00,3.0,2014-04-29,,Service
UCREW6,18:30:00,21:30:00,3.0,2014-05-05,,Service
UCREW2,18:30:00,21:30:00,3.0,2014-05-06,,Service
21-PM,13:40,16:40,3.0,2014-03-27,38,Bus
21-MID,13:25,16:05,2.75,2014-03-29,38,Bus
11-PM,14:45,19:10,4.5,2014-03-30,30,Bus
C-PM,13:41,16:32,2.75,2014-04-01,34,Bus
41-AM, 8:40,11:02,2.25,2014-04-02,37,Bus
32-EVE,19:15,26:10,7.0,2014-04-04,39,Bus
15-AM, 7:10,11:00,3.75,2014-04-07,30,Bus
A-PM,13:32,16:47,3.25,2014-04-08,34,Bus
41-AM, 8:40,11:02,2.25,2014-04-09,37,Bus
32-EVE,19:15,26:10,7.0,2014-04-11,39,Bus
41-PM,16:02,20:20,4.25,2014-04-12,37,Bus
21-AM, 8:30,12:50,4.25,2014-04-13,38,Bus
15-AM, 7:10,11:00,3.75,2014-04-14,30,Bus
41-AM, 8:40,11:02,2.25,2014-04-16,37,Bus
43-EVE,17:20,20:34,3.25,2014-04-17,46,Bus
32-EVE,19:15,26:10,7.0,2014-04-18,39,Bus
44-PM,14:57,18:29,3.5,2014-04-21,32,Bus
15-AM, 7:10,11:00,3.75,2014-04-23,30,Bus
32-EVE,19:15,26:10,7.0,2014-04-25,39,Bus
15-AM, 7:10,11:00,3.75,2014-04-28,30,Bus
41-AM, 8:40,11:02,2.25,2014-04-30,37,Bus
32-EVE,19:15,26:10,7.0,2014-05-02,39,Bus
15-AM, 7:10,11:00,3.75,2014-05-05,30,Bus
41-AM, 8:40,11:02,2.25,2014-05-07,37,Bus
Trainee,8:00,12:18,4.25,2014-01-20,,Training
Trainee,14:00,17:07,3.0,2014-01-28,,Training
Field Trip,11:14,14:45,3.5,2014-04-18,,Field Trip
Trainee,11:00,13:57,3.0,2014-02-03,,Training
Trainee,11:00,12:46,1.75,2014-02-05,,Training
Trainee,14:15,17:07,2.75,2014-02-07,,Training
Trainee,14:08,17:06,3.0,2014-02-02,,Training
Trainee,14:00,17:05,3.0,2014-02-13,,Training
Trainee,17:02,19:58,3.0,2014-02-14,,Training
Trainee,13:04,17:15,4.25,2014-02-16,,Training
Trainee,14:31,17:11,2.75,2014-02-21,,Training
Trainee,14:33,17:07,2.5,2014-02-24,,Training
Trainee,11:02,14:32,3.5,2014-02-26,,Training
Trainee,11:06,14:19,3.25,2014-02-28,,Training
Trainee,7:03,11:00,4.0,2014-03-03,,Training
Trainee,14:33,17:07,2.5,2014-03-04,,Training
Trainee,14:27,16:53,2.5,2014-03-07,,Training
Trainee,5:23,12:55,7.5,2014-03-08,,Training
Trainee,13:59,17:00,3.0,2014-03-10,,Training
Trainee,13:57,17:56,4.0,2014-03-11,,Training
Trainee,6:57,10:51,4.0,2014-03-12,,Training
Drivers Meeting,19:00,20:00,1.0,2014-03-12,,Operations
Trainee,7:55,11:36,3.75,2014-03-22,,Training
Z-PM Part 2,16:38,17:24,0.75,2014-03-26,35,Bus
B-PM Part 2,14:41,16:10,1.5,2014-03-26,34,Bus
X-EVE2 Part 2,21:54,24:49,3.0,2014-03-28,35,Bus
X-EVE2 Part 2,21:54,24:49,3.0,2014-03-27,35,Bus
Observation,12:00,15:45,3.75,2014-03-24,,Training
Ride Along,17:00,20:15,3.25,2014-03-24,,Training
Fees,17:00,22:00,5.0,2014-03-29,,Training
Trainee,5:13,14:19,9.0,2014-03-23,,Training
Observation,12:00,17:00,5.0,2014-03-25,,Training
Observation,12:00,15:00,3.0,2014-03-28,,Training
23-MID Part 2,11:40,13:10,1.5,2014-04-01,38,Bus
14-PM Part 3,17:00,18:24,1.5,2014-04-01,30,Bus
14-PM Part 3,17:22,18:24,1.0,2014-04-02,30,Bus
01-AM Part 1, 6:52,8:21,1.5,2014-04-02,31,Bus
Z-AM Part 1, 7:13,9:29,2.25,2014-04-04,35,Bus
Fees,8:00,12:00,4.0,2014-04-03,,Training
Service Work,13:30,15:40,2.25,2014-04-03,,Service
Shift ran over,26:10,26:40,0.5,2014-04-04,,Bus
B-EVE Part 1,16:57,18:17,1.25,2014-04-07,34,Bus
Z-PM Part 2,14:19,16:33,2.25,2014-04-07,35,Bus
Trainee,14:55,16:26,1.5,2014-04-06,,Training
Bus Meeting,19:00,20:15,1.25,2014-04-16,,Operations
SERVICE2 AM,7:00,11:00,4.0,2014-05-14,,Service
SERVICE2 MID,11:00,14:58,4.0,2014-05-14,,Service
SERVICE2 MID,10:56,15:00,4.0,2014-05-15,,Service
SERVICE2 PM,15:00,18:57,4.0,2014-05-15,,Service
SERVICE1 AM,6:56,11:00,4.0,2014-05-19,,Service
SERVICE1 MID,11:00,15:00,4.0,2014-05-19,,Service
SERVICE2 MID,10:58,15:00,4.0,2014-05-20,,Service
SERVICE1 PM,15:00,19:01,4.0,2014-05-20,,Service
SERVICE1 MID,11:00,15:12,4.25,2014-05-21,,Service
SERVICE1 AM,6:46,11:00,4.25,2014-05-22,,Service
SERVICE2 PM,14:59,19:00,4.0,2014-05-27,,Service
WASHCREW1 PM,13:00,16:00,3.0,2014-05-29,,Service
SERVICE1 PM,15:00,19:07,4.0,2014-05-30,,Service
SERVICE2 PM,14:58,19:02,4.0,2014-06-02,,Service
WASHCREW3 PM,13:00,16:00,3.0,2014-06-03,,Service
SERVICE2 AM,7:40,11:00,3.25,2014-06-04,,Service
SERVICE2 PM,15:00,19:00,4.0,2014-06-04,,Service
SERVICE1 PM,14:59,18:57,4.0,2014-06-05,,Service
SERVICE2 MID,11:13,14:59,3.75,2014-06-09,,Service
SERVICE2 PM,14:56,18:51,4.0,2014-06-11,,Service
SERVICE1 PM,14:57,18:56,4.0,2014-06-12,,Service
SERVICE1 MID,11:00,14:58,4.0,2014-06-16,,Service
SERVICE1 AM,7:00,11:00,4.0,2014-06-19,,Service
SERVICE2 MID,11:00,14:58,4.0,2014-06-19,,Service
SERVICE2 AM,7:05,11:00,4.0,2014-06-23,,Service
SERVICE2 MID,11:00,14:59,4.0,2014-06-23,,Service
SERVICE1 PM,13:50,17:58,4.25,2014-06-24,,Service
SERVICE1 MID,11:01,15:00,4.0,2014-06-25,,Service
WASHCREW2 AM,9:00,12:00,3.0,2014-06-26,,Service
WASHCREW3 PM,13:00,16:00,3.0,2014-06-30,,Service
SERVICE1 AM,7:09,11:00,3.75,2014-07-01,,Service
SERVICE1 MID,11:00,15:03,4.0,2014-07-01,,Service
WASHCREW1 AM,9:00,12:00,3.0,2014-07-02,,Service
SERVICE1 AM,6:59,11:00,4.0,2014-07-17,,Service
SERVICE2 MID,11:00,15:37,4.5,2014-07-17,,Service
SERVICE2 MID,10:52,14:49,4.0,2014-07-18,,Service
SERVICE1 AM,7:23,10:54,3.5,2014-07-21,,Service
SERVICE2 MID,10:56,15:02,4.0,2014-07-22,,Service
SERVICE1 MID,11:23,15:23,4.0,2014-07-23,,Service
WASHCREW1 PM,13:00,16:00,3.0,2014-07-24,,Service
SERVICE2 MID,11:00,15:00,4.0,2014-07-28,,Service
SERVICE1 AM,6:57,11:00,4.0,2014-07-31,,Service
SERVICE2 MID,11:00,14:00,3.0,2014-07-31,,Service
SERVICE1 AM,6:58,11:00,4.0,2014-08-04,,Service
SERVICE2 PM,15:00,19:05,4.0,2014-08-04,,Service
SERVICE1 MID,10:28,15:00,4.5,2014-08-05,,Service
SERVICE2 MID,11:09,15:07,4.0,2014-08-07,,Service
SERVICE2 MID,11:12,15:02,3.75,2014-08-08,,Service
SERVICE1 AM,7:01,11:00,4.0,2014-08-12,,Service
SERVICE1 MID,11:00,14:59,4.0,2014-08-12,,Service
SERVICE1 AM,6:59,11:09,4.25,2014-08-13,,Service
SERVICE2 MID,10:30,15:10,4.75,2014-08-14,,Service
SERVICE2 MID,11:11,14:58,3.75,2014-08-15,,Service
SERVICE1 AM,6:59,11:00,4.0,2014-08-18,,Service
SERVICE2 MID,11:00,15:05,4.0,2014-08-18,,Service
SERVICE2 MID,11:09,14:41,3.5,2014-08-19,,Service
SERVICE1 AM,6:59,11:00,4.0,2014-08-21,,Service
SERVICE1 AM,6:59,10:47,3.75,2014-08-25,,Service
SERVICE1 AM,6:55,11:00,4.0,2014-08-27,,Service
SERVICE2 PM,11:00,16:15,5.25,2014-08-27,,Service
SERVICE1 AM,6:59,9:33,2.5,2014-08-29,,Service
32-AM, 7:40,11:45,4.0,2014-05-09,39,Bus
13-PM,14:30,18:30,4.0,2014-05-09,30,Bus
44-AM,7:00,10:18,3.25,2014-05-21,32,Bus
01-AM, 6:28,11:22,5.0,2014-05-23,31,Bus
11-PM,14:45,19:10,4.5,2014-05-25,30,Bus
11-AM, 6:55,11:00,4.0,2014-05-27,30,Bus
13-MID,10:52,14:30,3.75,2014-05-28,30,Bus
42-AM, 6:10, 8:32,2.25,2014-05-28,45,Bus
01-AM, 6:28,11:22,5.0,2014-05-29,31,Bus
13-AM, 6:45,10:52,4.0,2014-05-30,30,Bus
11-MID,11:15,15:02,3.75,2014-05-31,30,Bus
01-EVE,19:25,23:14,3.75,2014-06-01,31,Bus
01-MID,11:35,15:40,4.0,2014-06-01,31,Bus
41-AM, 8:40,11:02,2.25,2014-06-02,37,Bus
01-AM, 6:28,11:22,5.0,2014-06-03,31,Bus
44-AM,7:00,10:18,3.25,2014-06-05,32,Bus
11-AM, 6:55,11:00,4.0,2014-06-09,30,Bus
41-AM, 8:40,11:02,2.25,2014-06-10,37,Bus
41-AM, 8:40,11:02,2.25,2014-06-11,37,Bus
44-AM,7:00,10:18,3.25,2014-06-12,32,Bus
13-AM, 6:45,10:52,4.0,2014-06-13,30,Bus
41-PM,14:02,18:02,4.0,2014-06-13,37,Bus
13-AM, 6:45,10:52,4.0,2014-06-16,30,Bus
41-AM, 8:40,11:02,2.25,2014-06-17,37,Bus
44-PM,14:57,18:25,3.5,2014-06-17,32,Bus
03-MID,11:16,14:17,3.0,2014-06-20,31,Bus
13-AM, 6:45,10:52,4.0,2014-06-20,30,Bus
43-AM, 6:40, 8:54,2.25,2014-06-24,46,Bus
13-AM, 6:45,10:52,4.0,2014-06-25,30,Bus
42-AM, 6:10, 8:32,2.25,2014-06-26,45,Bus
42-PM,15:55,18:40,2.75,2014-06-26,45,Bus
41-MID,11:02,14:02,3.0,2014-06-27,37,Bus
44-AM,7:00,10:18,3.25,2014-06-27,32,Bus
03-AM, 6:21,11:16,5.0,2014-06-30,31,Bus
43-AM, 6:40, 8:54,2.25,2014-07-02,46,Bus
01-AM, 6:28,11:22,5.0,2014-07-03,31,Bus
44-AM, 8:50,12:05,3.25,2014-07-19,32,Bus
44-AM,7:00,10:18,3.25,2014-07-22,32,Bus
11-AM, 6:55,11:00,4.0,2014-07-23,30,Bus
01-AM, 6:28,11:22,5.0,2014-07-24,31,Bus
11-AM, 6:55,11:00,4.0,2014-07-25,30,Bus
41-MID,11:02,14:02,3.0,2014-07-25,37,Bus
13-AM, 6:45,10:52,4.0,2014-07-28,30,Bus
01-AM, 6:28,11:22,5.0,2014-07-29,31,Bus
03-AM, 6:21,11:16,5.0,2014-07-30,31,Bus
30-1 AM, 6:55,11:00,4.0,2014-08-01,30,Bus
32-1 MID,11:25,14:40,3.25,2014-08-01,32,Bus
32-1 AM,7:00,10:18,3.25,2014-08-05,32,Bus
31-3 AM, 6:21,11:16,5.0,2014-08-06,31,Bus
30-1 AM, 6:55,11:00,4.0,2014-08-07,30,Bus
30-1 AM, 6:55,11:00,4.0,2014-08-08,30,Bus
30-1 AM, 6:55,11:00,4.0,2014-08-11,30,Bus
32-1 MID,11:25,14:40,3.25,2014-08-13,32,Bus
32-1 AM,7:00,10:18,3.25,2014-08-14,32,Bus
30-1 AM, 6:55,11:00,4.0,2014-08-15,30,Bus
30-1 AM, 6:55,11:00,4.0,2014-08-19,30,Bus
30-1 AM, 6:55,11:00,4.0,2014-08-20,30,Bus
32-1 MID,11:25,14:40,3.25,2014-08-20,32,Bus
32-1 MID,11:25,14:40,3.25,2014-08-21,32,Bus
31-3 AM, 6:21,11:16,5.0,2014-08-22,31,Bus
30-1 MID,11:00,14:22,3.25,2014-08-26,30,Bus
32-1 AM,7:00,10:18,3.25,2014-08-26,32,Bus
30-3 AM, 6:45,10:52,4.0,2014-08-28,30,Bus
32-1 MID,11:25,14:40,3.25,2014-08-28,32,Bus
32-1 MID,11:25,14:40,3.25,2014-09-01,32,Bus
B-EVE2 Part 2,21:31,23:57,2.5,2014-04-24,34,Bus
Pax Relations Meeting,19:00,21:00,2.0,2014-04-23,,Training
02-MID Part 1,11:06,11:47,0.75,2014-04-28,31,Bus
32-PM Part 2,17:15,19:55,2.75,2014-04-30,39,Bus
11-MID Part 2,13:00,14:22,1.25,2014-05-09,30,Bus
01-EVE Part 2,19:10,23:14,4.0,2014-05-10,31,Bus
shift run over,18:30,19:45,1.25,2014-05-09,,Bus
Field Trip,16:30,21:00,4.5,2014-07-19,,Field Trip
Field Trip,16:30,19:06,2.5,2014-08-01,,Field Trip
Service Work,11:00,14:50,3.75,2014-05-22,,Service
13-MID Part 1,10:52,11:30,0.75,2014-05-30,30,Bus
44-PM Part 2,15:47,17:59,2.25,2014-05-31,32,Bus
Training,11:00,16:00,5.0,2014-06-21,,Field Trip
Field Trip,13:00,17:30,4.5,2014-07-26,,Field Trip
03-EVE Part 2,20:36,24:35,4.0,2014-07-18,31,Bus
43-EVE Part 2,19:05,20:44,1.75,2014-07-18,46,Bus
44-PM Part 1,13:50,16:30,2.75,2014-07-19,32,Bus
03-PM Part 1,14:17,17:06,2.75,2014-07-25,31,Bus
Field Trip,16:30,19:00,2.5,2014-08-01,,Field Trip
Service Work,15:38,18:38,3.0,2014-08-06,,Service
Service2 AM,7:21,10:37,3.25,2014-09-02,,Service
Service1 AM,7:00,10:27,3.5,2014-09-04,,Service
38-2 MID,11:10,14:10,3.0,2014-09-02,38,Bus
33-1 AM, 6:46,10:46,4.0,2014-09-03,33,Bus
35-2 PM2,16:53,19:54,3.0,2014-09-08,35,Bus
Field Trip,10:45,12:45,2.0,2014-09-06,,Field Trip
Moved buses,6:45,7:00,0.25,2014-08-25,,Service
33-1 MID Part 1,10:46,11:00,0.25,2014-09-04,33,Bus
33-1 MID Part 2,11:00,12:42,1.75,2014-09-04,33,Bus
35-1 AM Part 2,8:53,10:44,1.75,2014-09-05,35,Bus
Service2 AM Part 1,6:59,8:03,1.0,2014-09-05,,Service
39-2 EVE,19:15,24:05,4.75,2014-09-10,39,Bus
30-2 AM, 6:57,10:37,3.75,2014-09-12,30,Bus
39-1 MID,12:50,17:20,4.5,2014-09-13,39,Bus
35-1 PM,16:43,20:04,3.25,2014-09-14,35,Bus
38-1 EVE,19:35,23:55,4.25,2014-09-15,38,Bus
35-1 EVE,20:04,24:59,5.0,2014-09-16,35,Bus
38-3 PM2,16:10,20:50,4.75,2014-09-17,38,Bus
35-1 EVE,20:04,24:59,5.0,2014-09-18,35,Bus
39-1 EVE,20:20,24:40,4.25,2014-09-21,39,Bus
38-1 EVE,19:35,23:55,4.25,2014-09-22,38,Bus
30-5 EVE,19:45,25:30,5.75,2014-09-23,30,Bus
38-3 PM2,16:10,20:50,4.75,2014-09-24,38,Bus
38-1 EVE,19:35,23:55,4.25,2014-09-29,38,Bus
30-5 EVE,19:45,25:30,5.75,2014-09-30,30,Bus
38-3 PM2,16:10,20:50,4.75,2014-10-01,38,Bus
38-1 EVE,19:35,23:55,4.25,2014-10-06,38,Bus
30-5 EVE,19:45,25:30,5.75,2014-10-07,30,Bus
38-3 PM2,16:10,20:50,4.75,2014-10-08,38,Bus
38-1 EVE,19:35,23:55,4.25,2014-10-13,38,Bus
38-1 EVE,19:35,23:55,4.25,2014-10-14,38,Bus
38-3 PM2,16:10,20:50,4.75,2014-10-15,38,Bus
38-3 PM2,16:10,20:50,4.75,2014-10-17,38,Bus
38-1 EVE,19:35,23:55,4.25,2014-10-20,38,Bus
30-5 EVE,19:45,25:30,5.75,2014-10-21,30,Bus
38-3 PM2,16:10,20:50,4.75,2014-10-22,38,Bus
33-1 PM,14:46,18:20,3.5,2014-10-25,33,Bus
38-1 EVE,19:35,23:55,4.25,2014-10-27,38,Bus
30-5 EVE,19:45,25:30,5.75,2014-10-28,30,Bus
38-3 PM2,16:10,20:50,4.75,2014-10-29,38,Bus
38-1 EVE,19:35,23:55,4.25,2014-11-03,38,Bus
30-5 EVE,19:45,25:30,5.75,2014-11-04,30,Bus
38-3 PM2,16:10,20:50,4.75,2014-11-05,38,Bus
39-1 EVE,20:20,24:40,4.25,2014-11-09,39,Bus
38-1 EVE,19:35,23:55,4.25,2014-11-10,38,Bus
30-5 EVE,19:45,25:30,5.75,2014-11-12,30,Bus
35-1 PM,16:43,20:04,3.25,2014-11-15,35,Bus
30-2 PM2,16:52,19:30,2.75,2014-11-17,30,Bus
38-1 EVE,19:35,23:55,4.25,2014-11-17,38,Bus
30-5 EVE,19:45,25:30,5.75,2014-11-18,30,Bus
38-3 PM2,16:10,20:50,4.75,2014-11-19,38,Bus
38-1 EVE,19:35,23:55,4.25,2014-11-24,38,Bus
30-5 EVE,19:45,25:30,5.75,2014-11-25,30,Bus
38-3 PM2,16:10,20:50,4.75,2014-11-26,38,Bus
38-1 EVE,19:35,23:55,4.25,2014-12-01,38,Bus
30-5 EVE,19:45,25:30,5.75,2014-12-02,30,Bus
38-3 PM2,16:10,20:50,4.75,2014-12-03,38,Bus
38-1 EVE,19:35,23:55,4.25,2014-12-08,38,Bus
30-5 EVE,19:45,25:30,5.75,2014-12-09,30,Bus
38-3 PM2,16:10,20:50,4.75,2014-12-10,38,Bus
UD AM,6:15,10:15,4.0,2014-09-10,,Operations
Service1 AM,6:59,11:01,4.0,2014-09-18,,Service
Service1 AM,6:56,11:00,4.0,2014-09-25,,Service
Service1 AM,6:51,11:00,4.25,2014-10-02,,Service
Service1 AM,6:55,10:58,4.0,2014-10-09,,Service
Service1 AM,6:51,11:02,4.25,2014-10-16,,Service
Service1 AM,07:00:00,11:00:00,4.0,2014-10-30,,Service
UD EVE,20:45,25:00,4.25,2014-11-06,,Operations
Service1 AM,6:59,11:03,4.0,2014-11-06,,Service
Service1 AM,6:53,15:10,8.25,2014-11-20,,Service
Service1 MID,10:58,15:00,4.0,2014-11-25,,Service
Service1 AM,6:56,11:00,4.0,2014-12-04,,Service
Service1 AM,6:55,11:04,4.25,2014-12-11,,Service
Driver Meeting,19:00,20:00,1.0,2014-09-03,,Operations
35-2 PM1 Part 2,15:44,16:53,1.25,2014-09-08,35,Bus
30-5 EVE Part 2,21:50,25:30,3.75,2014-09-08,30,Bus
Service1 AM Part 2,9:27,11:01,1.5,2014-09-09,,Service
35-1 EVE Part 1,20:04,22:03,2.0,2014-09-09,35,Bus
33-2 AM Part 1, 7:21,10:15,3.0,2014-09-10,33,Bus
33-2 AM Part 2,10:15,10:42,0.5,2014-09-10,33,Bus
33-1 MID Part 1,10:46,12:42,2.0,2014-09-10,33,Bus
30-2 MID Part 1,10:37,11:30,1.0,2014-09-11,30,Bus
38-2 EVE Part 1,20:45,23:25,2.75,2014-09-20,38,Bus
Bus Swap/Puke help,0:00,1:00,1.0,2014-09-14,,Bus
35-1 MID Part 2,11:08,12:14,1.0,2014-09-26,35,Bus
30-5 AM Part 2,9:45,11:00,1.25,2014-10-02,30,Bus
35-3 MID Part 2,10:59,11:44,0.75,2014-10-02,35,Bus
30-4 PM1 Part 1,13:37,16:07,2.5,2014-10-02,30,Bus
31-4 MID Part 2,11:36,12:51,1.25,2014-10-06,31,Bus
33-1 MID Part 2,11:22,12:43,1.25,2014-10-09,33,Bus
31-1 AM Part 2,9:36,10:51,1.25,2014-10-14,31,Bus
31-2 MID Part 1,11:06,12:21,1.25,2014-10-14,31,Bus
39-2 EVE Part 3,20:50,24:05,3.25,2014-10-16,39,Bus
38-1 EVE Part 2,20:55,26:35,5.75,2014-10-17,38,Bus
34-3 PM1 Part 3,14:47,15:55,1.25,2014-10-29,34,Bus
UD MID Part 2,11:10,13:15,2.0,2014-10-31,,Operations
39-2 PM1 Part 2,16:15,19:55,3.75,2014-11-07,39,Bus
33-1 PM1 Part 2,14:46,17:26,2.75,2014-11-10,33,Bus
34-2 PM2 Part 1,16:47,17:41,1.0,2014-11-12,34,Bus
33-1 PM1 Part 2,14:46,16:06,1.25,2014-11-12,33,Bus
35-3 PM1 Part 1,13:38,15:04,1.5,2014-11-20,35,Bus
SERVICE2 PM,12:57,15:54,3.0,2014-12-14,,Service
SERVICE2 PM,14:57,18:58,4.0,2014-12-15,,Service
33-2 MID,10:42,14:06,3.5,2014-12-15,33,Bus
33-2 MID,10:42,14:06,3.5,2014-12-16,33,Bus
UD AM,06:15:00,10:15:00,4.0,2014-12-16,,Operations
31-3 AM, 6:21,11:16,5.0,2014-12-17,31,Bus
SERVICE2 PM,14:50,18:58,4.25,2014-12-18,,Service
SERVICE1 AM,6:53,10:54,4.0,2014-12-19,,Service
SERVICE2 AM,6:56,11:00,4.0,2014-12-22,,Service
SERVICE1 PM,14:58,19:03,4.0,2014-12-22,,Service
SERVICE1 MID,10:58,15:00,4.0,2014-12-23,,Service
SERVICE2 PM,15:00,19:00,4.0,2014-12-23,,Service
SERVICE2 PM,14:17,18:47,4.5,2014-12-24,,Service
33-1 MID,10:46,14:02,3.25,2014-12-24,33,Bus
SERVICE1 AM,6:53,12:26,5.5,2014-12-26,,Service
SERVICE2 MID,11:01,15:00,4.0,2014-12-29,,Service
SERVICE2 PM,15:00,18:59,4.0,2014-12-29,,Service
SERVICE1 AM,7:00,11:00,4.0,2014-12-30,,Service
SERVICE2 PM,11:00,14:58,4.0,2014-12-30,,Service
SERVICE2 AM,7:00,11:00,4.0,2014-12-31,,Service
SERVICE2 PM,15:01,18:58,4.0,2014-12-31,,Service
SERVICE2 AM,7:20,10:57,3.5,2015-01-02,,Service
SERVICE2 PM,15:00,18:59,4.0,2015-01-02,,Service
SERVICE1 AM,7:00,11:01,4.0,2015-01-05,,Service
33-1 PM1,14:02,17:26,3.5,2015-01-05,33,Bus
SERVICE1 AM,6:57,11:00,4.0,2015-01-06,,Service
SERVICE2 MID,11:00,14:53,4.0,2015-01-06,,Service
SERVICE2 AM,7:02,10:59,4.0,2015-01-07,,Service
SERVICE2 PM,14:57,19:10,4.25,2015-01-08,,Service
38-2 PM1,14:45,18:45,4.0,2015-01-09,38,Bus
SERVICE1 AM,7:00,11:00,4.0,2015-01-12,,Service
SERVICE2 AM,7:00,11:00,4.0,2015-01-13,,Service
SERVICE2 MID,11:00,15:00,4.0,2015-01-13,,Service
SERVICE2 AM,7:00,10:57,4.0,2015-01-14,,Service
SERVICE2 PM,14:57,19:04,4.0,2015-01-19,,Service
30-5 MID Part 2,11:22,12:15,1.0,2014-12-01,30,Bus
Service Work,15:00,18:28,3.5,2014-11-24,,Service
38-3 PM1 Part 2,14:45,16:10,1.5,2014-12-08,38,Bus
39-1 AM Part 2,8:00,10:45,2.75,2014-12-09,39,Bus
SERVICE2 AM Part 1,7:02,10:46,3.75,2014-12-24,,Service
33-1 AM Part 1, 6:46,8:16,1.5,2014-12-26,33,Bus
Service1 AM,6:57,9:31,2.5,2015-01-20,,Service
Service1 AM,6:57,12:27,5.5,2015-01-21,,Service
Service2 AM,7:01,10:58,4.0,2015-01-22,,Service
39-2 AM, 7:40,11:45,4.0,2015-01-23,39,Bus
35-3 PM2,16:59,20:24,3.5,2015-01-26,35,Bus
Drivers Meeting,19:00,20:15,1.25,2015-01-21,,Operations
Service1 AM,6:55,10:57,4.0,2015-01-28,,Service
Service1 PM,14:38,18:56,4.25,2015-01-28,,Service
39-2 AM, 7:40,11:45,4.0,2015-01-30,39,Bus
Service2 PM,13:22,15:57,2.5,2015-02-01,,Service
Service1 AM,7:29,10:59,3.5,2015-02-04,,Service
Service1 PM,14:57,18:59,4.0,2015-02-04,,Service
39-2 AM, 7:40,11:45,4.0,2015-02-06,39,Bus
Service2 AM,6:56,16:23,9.5,2015-02-09,,Service
Service1 AM,7:00,11:03,4.0,2015-02-11,,Service
Service1 PM,15:00,19:00,4.0,2015-02-11,,Service
35-3 PM2,16:59,20:24,3.5,2015-02-12,35,Bus
39-2 AM, 7:40,11:45,4.0,2015-02-13,39,Bus
34-2 PM2,16:47,19:57,3.25,2015-02-17,34,Bus
Service2 AM,6:54,11:54,5.0,2015-02-17,,Service
Service1 AM,7:00,10:49,3.75,2015-02-18,,Service
Service1 PM,14:34,18:57,4.5,2015-02-18,,Service
39-2 AM, 7:40,11:45,4.0,2015-02-20,39,Bus
Service1 AM,7:00,11:01,4.0,2015-02-25,,Service
Service1 PM,14:58,18:59,4.0,2015-02-25,,Service
39-2 AM, 7:40,11:45,4.0,2015-02-27,39,Bus
Service2 PM,13:00,15:59,3.0,2015-03-01,,Service
Service2 AM,6:57,12:27,5.5,2015-03-02,,Service
39-2 AM, 7:40,11:45,4.0,2015-03-06,39,Bus
Service2 PM,12:56,16:02,3.0,2015-03-08,,Service
39-2 AM,7:40,11:45,4.0,2015-03-13,39,Bus
31-1 AM, 6:51,11:22,4.5,2015-03-14,31,Bus
31-1 MID,11:31,15:21,3.75,2015-03-15,31,Bus
SERVICE1 AM,7:04,10:57,4.0,2015-03-16,,Service
33-2 AM, 7:21,10:42,3.25,2015-03-17,33,Bus
SERVICE1 PM,11:00,14:58,4.0,2015-03-17,,Service
SERVICE2 AM,7:10,10:58,3.75,2015-03-18,,Service
SERVICE2 PM,15:09,19:07,4.0,2015-03-18,,Service
SERVICE2 AM,7:00,11:00,4.0,2015-03-19,,Service
SERVICE2 MID,11:00,14:52,3.75,2015-03-19,,Service
SERVICE2 AM,6:57,11:00,4.0,2015-03-20,,Service
SERVICE2 MID,11:00,15:00,4.0,2015-03-20,,Service
SERVICE2 PM,12:55,16:04,3.25,2015-03-22,,Service
Service2 AM,7:04,10:57,4.0,2015-03-23,,Service
Service1 AM,7:08,10:49,3.75,2015-03-25,,Service
Service1 PM,15:04,17:37,2.5,2015-03-25,,Service
Service2 PM,13:00,16:09,3.25,2015-03-29,,Service
Service1 AM,7:00,13:00,6.0,2015-04-01,,Service
Service1 PM,14:58,18:59,4.0,2015-04-01,,Service
39-2 AM, 7:40,11:45,4.0,2015-04-03,39,Bus
39-1 EVE,20:20,26:35,6.25,2015-04-04,39,Bus
Service2 PM,13:02,16:30,3.5,2015-04-05,,Service
Service2 AM,7:03,10:58,4.0,2015-04-06,,Service
Service1 AM,7:05,10:53,3.75,2015-04-08,,Service
Service1 PM,14:58,18:59,4.0,2015-04-08,,Service
39-2 AM, 7:40,11:45,4.0,2015-04-10,39,Bus
Service2 PM,13:01,16:05,3.0,2015-04-12,,Service
Service2 AM,7:03,11:20,4.25,2015-04-13,,Service
Service1 AM,6:59,11:08,4.25,2015-04-15,,Service
Service1 PM,14:57,19:01,4.0,2015-04-15,,Service
39-2 AM, 7:40,11:45,4.0,2015-04-17,39,Bus
Service2 PM,12:58,16:00,3.0,2015-04-19,,Service
Service2 AM,7:00,11:03,4.0,2015-04-22,,Service
39-2 AM, 7:40,11:45,4.0,2015-04-24,39,Bus
Service2 PM,13:05,16:07,3.0,2015-04-26,,Service
Service2 AM,6:56,10:58,4.0,2015-04-27,,Service
Service1 AM,7:05,11:09,4.0,2015-04-29,,Service
Service1 PM,14:22,18:26,4.0,2015-04-29,,Service
39-2 AM, 7:40,11:45,4.0,2015-05-01,39,Bus
Service2 PM,12:57,16:00,3.0,2015-05-03,,Service
Service2 AM,7:12,10:12,3.0,2015-05-04,,Service
33-2 PM1 Part 3,16:02,17:22,1.25,2015-01-29,33,Bus
Service Work,17:31,19:02,1.5,2015-01-29,,Service
Service Work,15:01,19:02,4.0,2015-02-02,,Service
RO Training,9:00,13:00,4.0,2015-02-07,,Operations
RO Training,14:00,18:00,4.0,2015-02-07,,Operations
RO Training,9:00,14:00,5.0,2015-02-08,,Operations
RO Training,15:00,19:00,4.0,2015-02-08,,Operations
30-4 PM2 Part 2,19:30,20:35,1.0,2015-02-11,30,Bus
RO Training,14:30,19:00,4.5,2015-02-13,,Operations
RO Training,5:30,9:30,4.0,2015-02-19,,Operations
RO Training,12:30,17:00,4.5,2015-03-02,,Operations
RO Training,18:30,22:00,3.5,2015-03-03,,Operations
RO Training,19:30,26:15,6.75,2015-03-04,,Operations
RO Training,19:30,26:15,6.75,2015-03-11,,Operations
RO Training,18:30,22:00,3.5,2015-03-12,,Operations
31-5 MID Part 1,11:17,11:51,0.5,2015-02-12,31,Bus
RO Training,18:30,22:00,3.5,2015-03-31,,Operations
RO Training,8:30,11:30,3.0,2015-03-09,,Operations
33-1 MID Part 2,12:06,13:26,1.25,2015-02-13,33,Bus
34-2 EVE Part 1,19:57,21:16,1.25,2015-02-17,34,Bus
Service Work,8:00,12:00,4.0,2015-02-21,,Service
Service Work,13:30,18:45,5.25,2015-02-22,,Service
Service2 MID Part 2,12:27,15:32,3.0,2015-02-23,,Service
RO Training Part 1,5:30,10:00,4.5,2015-02-23,,Operations
Field Trip,7:55,11:45,3.75,2015-04-07,,Field Trip
33-1 MID Part 1,10:46,11:00,0.25,2015-03-02,33,Bus
33-1 MID Part 2,11:00,11:22,0.25,2015-03-02,33,Bus
RO Training,5:30,9:30,4.0,2015-03-27,,Operations
Service2 AM,7:00,10:58,4.0,2015-04-30,,Service
35-3 PM1 Part 3,15:53,16:59,1.0,2015-03-05,35,Bus
Recruitment,10:30,14:30,4.0,2015-03-05,,Training
Service Work,6:58,10:23,3.5,2015-03-04,,Service
Ucrew Ran Over,22:00,22:35,0.5,2015-03-03,,Bus
RO Meeting,17:30,18:30,1.0,2015-03-10,,Operations
Bus Meeting,19:00,20:00,1.0,2015-03-10,,Operations
Service Work,7:01,8:20,1.25,2015-03-09,,Service
RO Training,22:00,22:30,0.5,2015-03-12,,Operations
Call Ran Over Time ,11:30,11:50,0.25,2015-03-09,,Special Transportation
driver change,11:22,11:40,0.25,2015-03-14,,Bus
33-2 AM Part 1, 7:21,8:51,1.5,2015-03-23,33,Bus
driver change,10:42,10:55,0.25,2015-03-17,,Bus
RO Training,11:00,14:30,3.5,2015-03-23,,Operations
Service Work,10:24,11:34,1.25,2015-03-22,,Service
Field Trip,9:45,17:15,7.5,2015-04-11,,Field Trip
SERVICE2 AM,7:53,11:46,4.0,2015-05-08,,Service
SERVICE2 AM,6:57,11:00,4.0,2015-05-11,,Service
SERVICE2 MID,11:00,14:43,3.75,2015-05-11,,Service
SERVICE2 AM,7:02,11:00,4.0,2015-05-12,,Service
30-1 MID,11:00,14:22,3.25,2015-05-12,30,Bus
SERVICE2 AM,7:00,11:00,4.0,2015-05-13,,Service
SERVICE2 AM,7:04,11:00,4.0,2015-05-14,,Service
SERVICE1 AM,7:02,10:41,3.75,2015-05-15,,Service
SERVICE1 AM,7:03,10:58,4.0,2015-05-18,,Service
36-1 MID,11:40,15:35,4.0,2015-05-18,36,Bus
SERVICE2 AM,7:46,10:57,3.25,2015-05-27,,Service
SERVICE2 AM,7:03,10:59,4.0,2015-05-28,,Service
31-3 MID,11:16,14:17,3.0,2015-05-28,31,Bus
SERVICE2 AM,7:02,10:59,4.0,2015-06-01,,Service
SERVICE1 PM,14:59,19:04,4.0,2015-06-02,,Service
31-3 MID,11:16,14:17,3.0,2015-06-02,31,Bus
SERVICE2 AM,7:00,11:17,4.25,2015-06-03,,Service
SERVICE1 AM,6:57,11:00,4.0,2015-06-04,,Service
SERVICE1 AM,7:02,11:00,4.0,2015-06-05,,Service
SERVICE2 MID,11:00,15:00,4.0,2015-06-08,,Service
SERVICE2 PM,15:00,18:54,4.0,2015-06-08,,Service
SERVICE1 AM,7:02,11:00,4.0,2015-06-09,,Service
30-1 MID,11:00,14:22,3.25,2015-06-09,30,Bus
SERVICE2 AM,7:01,11:00,4.0,2015-06-10,,Service
SERVICE1 AM,6:58,11:00,4.0,2015-06-12,,Service
SERVICE2 PM,15:01,19:01,4.0,2015-06-16,,Service
33-1 MID,10:46,14:02,3.25,2015-06-22,33,Bus
SERVICE2 PM,14:58,18:59,4.0,2015-06-23,,Service
RO AM,6:00,12:45,6.75,2015-06-24,,Operations
SERVICE1 AM,7:00,11:00,4.0,2015-06-25,,Service
SERVICE1 MID,11:00,14:59,4.0,2015-06-25,,Service
SERVICE2 MID,11:05,15:00,4.0,2015-06-29,,Service
SERVICE2 PM,15:00,19:02,4.0,2015-06-29,,Service
SERVICE1 AM,7:06,10:57,3.75,2015-06-30,,Service
SERVICE2 MID,11:04,15:00,4.0,2015-07-06,,Service
SERVICE2 PM,15:00,18:59,4.0,2015-07-06,,Service
SERVICE1 AM,7:41,11:09,3.5,2015-07-07,,Service
SERVICE2 PM,14:58,19:00,4.0,2015-07-07,,Service
30-1 EVE,18:52,24:10,5.25,2015-07-12,30,Bus
SERVICE2 MID,10:58,15:00,4.0,2015-07-13,,Service
SERVICE2 PM,15:00,19:00,4.0,2015-07-13,,Service
33-2 MID,10:42,14:06,3.5,2015-07-14,33,Bus
SERVICE1 AM,7:00,11:00,4.0,2015-07-16,,Service
SERVICE1 MID,11:00,14:58,4.0,2015-07-16,,Service
SERVICE2 MID,11:01,15:00,4.0,2015-07-20,,Service
SERVICE1 PM,15:00,18:59,4.0,2015-07-20,,Service
SERVICE1 PM,14:13,18:59,4.75,2015-07-21,,Service
33-2 MID,10:42,14:06,3.5,2015-07-21,33,Bus
UD AM,06:15:00,10:15:00,4.0,2015-07-22,,Operations
SERVICE2 MID,10:56,15:00,4.0,2015-07-27,,Service
SERVICE2 PM,15:00,18:58,4.0,2015-07-27,,Service
SERVICE2 AM,6:59,11:02,4.0,2015-07-28,,Service
31-1 AM, 6:28,11:22,5.0,2015-07-29,31,Bus
30-3 AM, 6:45,10:52,4.0,2015-07-31,30,Bus
SERVICE1 PM,15:00,19:00,4.0,2015-08-03,,Service
driver change,12:45,13:00,0.25,2015-04-12,,Bus
RO Meeting,17:30,18:30,1.0,2015-04-22,,Operations
30-3 MID Part 2,11:52,12:52,1.0,2015-05-08,30,Bus
Helped Bring Lost 'n Found to Survival Center,14:22,14:40,0.25,2015-05-12,,Bus
SERVICE1 PM Part 2,16:02,19:00,3.0,2015-06-01,,Service
Field Trip,6:30,11:00,4.5,2015-07-19,,Field Trip
FT Trainee,17:00,21:00,4.0,2015-06-04,,Field Trip
31-1 PM1 Part 2,17:12,18:40,1.5,2015-06-16,31,Bus
Service Work,15:01,15:49,0.75,2015-06-22,,Service
Complicated Bus Swap,19:51,20:30,0.75,2015-07-07,,Bus
Shift Ran Over,14:06,14:16,0.25,2015-07-14,,Bus
31-3 MID Part 1,11:16,13:07,1.75,2015-07-22,31,Bus
Incident paperwork,19:00,19:14,0.25,2015-07-27,,Bus
SERVICE1 AM Part 2,8:08,10:58,2.75,2015-08-03,,Service
SERVICE1 MID Part 1,10:57,11:39,0.75,2015-08-11,,Service
30-4 AM, 7:12,10:52,3.75,2015-09-09,30,Bus
30-5 PM2,17:00,19:52,2.75,2015-09-10,30,Bus
38-1 MID,10:40,13:40,3.0,2015-09-10,38,Bus
30-1 MID Part 1,11:00,12:37,1.5,2015-09-08,30,Bus
39-2 AM Part 1, 7:40,11:25,3.75,2015-09-11,39,Bus
33-1 MID,10:46,14:02,3.25,2015-09-15,33,Bus
33-1 MID,10:46,14:02,3.25,2015-09-17,33,Bus
38-1 PM2,16:40,19:55,3.25,2015-09-17,38,Bus
ULEADER1 EVE,18:30,22:00,3.5,2015-09-18,,Service
RO AM,08:00:00,14:15:00,6.25,2015-09-20,,Operations
UD PM2,16:00,20:00,4.0,2015-09-22,,Operations
33-1 MID,10:46,14:02,3.25,2015-09-22,33,Bus
33-1 MID,10:46,14:02,3.25,2015-09-24,33,Bus
38-1 PM2,16:40,19:55,3.25,2015-09-24,38,Bus
ULEADER1 EVE,18:30,22:00,3.5,2015-09-25,,Service
RO AM,08:00:00,14:15:00,6.25,2015-09-27,,Operations
33-1 MID,10:46,14:02,3.25,2015-09-29,33,Bus
33-1 MID,10:46,14:02,3.25,2015-10-01,33,Bus
38-1 PM2,16:40,19:55,3.25,2015-10-01,38,Bus
ULEADER1 EVE,18:30,22:00,3.5,2015-10-02,,Service
RO AM,08:00:00,14:15:00,6.25,2015-10-04,,Operations
30-3 MID,10:37,14:00,3.5,2015-10-06,30,Bus
33-1 MID,10:46,14:02,3.25,2015-10-08,33,Bus
38-1 PM2,16:40,19:55,3.25,2015-10-08,38,Bus
ULEADER1 EVE,18:30,22:00,3.5,2015-10-09,,Service
RO AM,08:00:00,14:15:00,6.25,2015-10-11,,Operations
33-1 MID,10:46,14:02,3.25,2015-10-15,33,Bus
38-1 PM2,16:40,19:55,3.25,2015-10-15,38,Bus
ULEADER1 EVE,18:30,22:00,3.5,2015-10-16,,Service
RO AM,08:00:00,14:15:00,6.25,2015-10-18,,Operations
30-3 MID,10:37,14:00,3.5,2015-10-20,30,Bus
38-2 PM2,17:10,20:20,3.25,2015-10-20,38,Bus
33-1 MID,10:46,14:02,3.25,2015-10-22,33,Bus
38-1 PM2,16:40,19:55,3.25,2015-10-22,38,Bus
ULEADER1 EVE,18:30,22:00,3.5,2015-10-23,,Service
RO AM,08:00:00,14:15:00,6.25,2015-10-25,,Operations
30-3 MID,10:37,14:00,3.5,2015-10-27,30,Bus
30-4 MID,10:52,14:15,3.5,2015-10-29,30,Bus
38-1 PM2,16:40,19:55,3.25,2015-10-29,38,Bus
ULEADER1 EVE,18:30,22:00,3.5,2015-10-30,,Service
RO AM,08:00:00,14:15:00,6.25,2015-11-01,,Operations
30-3 MID,10:37,14:00,3.5,2015-11-03,30,Bus
30-4 MID,10:52,14:15,3.5,2015-11-05,30,Bus
38-1 PM2,16:40,19:55,3.25,2015-11-05,38,Bus
ULEADER1 EVE,18:30,22:00,3.5,2015-11-06,,Service
RO AM,08:00:00,14:15:00,6.25,2015-11-08,,Operations
30-3 MID,10:37,14:00,3.5,2015-11-10,30,Bus
30-4 MID,10:52,14:15,3.5,2015-11-12,30,Bus
38-1 PM2,16:40,19:55,3.25,2015-11-12,38,Bus
ULEADER1 EVE,18:30,22:00,3.5,2015-11-13,,Service
RO AM,08:00:00,14:15:00,6.25,2015-11-15,,Operations
30-3 MID,10:37,14:00,3.5,2015-11-17,30,Bus
30-4 MID,10:52,14:15,3.5,2015-11-19,30,Bus
38-1 PM2,16:40,19:55,3.25,2015-11-19,38,Bus
ULEADER1 EVE,18:30,22:00,3.5,2015-11-20,,Service
RO AM,08:00:00,14:15:00,6.25,2015-11-22,,Operations
30-3 MID,10:37,14:00,3.5,2015-11-24,30,Bus
RO AM,08:00:00,14:15:00,6.25,2015-11-29,,Operations
30-3 MID,10:37,14:00,3.5,2015-12-01,30,Bus
30-4 MID,10:52,14:15,3.5,2015-12-03,30,Bus
38-1 PM2,16:40,19:55,3.25,2015-12-03,38,Bus
ULEADER1 EVE,18:30,22:00,3.5,2015-12-04,,Service
RO AM,08:00:00,14:15:00,6.25,2015-12-06,,Operations
51-1 AM,8:21,10:23,2.0,2015-12-07,51,Bus
30-3 MID,10:37,14:00,3.5,2015-12-08,30,Bus
30-4 MID,10:52,14:15,3.5,2015-12-10,30,Bus
38-1 PM2,16:40,19:55,3.25,2015-12-10,38,Bus
ULEADER1 EVE,18:30,22:00,3.5,2015-12-11,,Service
30-3 MID,10:37,14:00,3.5,2015-12-15,30,Bus
30-4 MID,10:52,14:15,3.5,2015-12-17,30,Bus
ULEADER1 EVE,18:30,22:00,3.5,2015-12-18,,Service
Shift Ran Over,19:52,20:05,0.25,2015-09-10,,Bus
Drivers Meeting,19:00,20:30,1.5,2015-09-09,,Operations
ULead ran over ,22:00,22:20,0.25,2015-09-18,,Service
driver change ,15:45,16:00,0.25,2015-09-22,,Bus
assisted in calling trainees for UCrew,16:00,16:20,0.25,2015-09-25,,Bus
Selling open shifts,14:30,15:15,0.75,2015-10-04,,Operations
UCrew ran over,22:00,22:15,0.25,2015-10-09,,Service
Shift Ran Over,22:00,23:00,1.0,2015-10-16,,Service
38-1 MID Part 1,8:30,10:10,1.75,2015-11-01,38,Bus
RO PM1 Part 1,14:16,14:36,0.25,2015-11-01,,Operations
Registry trip,15:00,16:00,1.0,2015-10-30,,Bus
ulead ran over,22:00,22:10,0.25,2015-10-30,,Bus
33-2 PM1 Part 2,15:26,16:02,0.5,2015-11-06,33,Bus
Ucrew ran over,22:00,22:15,0.25,2015-11-06,,Service
Re-parking garage,14:15,14:45,0.5,2015-11-08,,Operations
30-1 AM, 7:25,11:30,4.0,2015-12-19,30,Bus
31-1 PM1,14:11,18:40,4.5,2015-12-21,31,Bus
39-2 AM, 7:40,11:45,4.0,2015-12-22,39,Bus
ULEADER2 EVE,18:30,21:45,3.25,2015-12-30,,Service
38-1 AM, 6:40, 9:50,3.25,2015-12-30,38,Bus
30-2 AM, 6:45,10:52,4.0,2016-01-04,30,Bus
ULEADER1 EVE,18:30,21:45,3.25,2016-01-04,,Service
ULEADER1 EVE,18:30,21:45,3.25,2016-01-07,,Service
30-2 MID,10:52,14:30,3.75,2016-01-08,30,Bus
45-2 AM, 6:40, 8:54,2.25,2016-01-08,45,Bus
30-1 EVE,19:30,24:10,4.75,2016-01-10,30,Bus
ULEADER2 EVE,18:30,21:45,3.25,2016-01-12,,Service
30-1 AM, 6:55,11:00,4.0,2016-01-13,30,Bus
45-4 MID,12:07,14:35,2.5,2016-01-13,46,Bus
ULEADER1 EVE,18:30,21:45,3.25,2016-01-13,,Service
RO AM,6:00,12:45,6.75,2016-01-15,,Operations
RO PM1,12:30,18:45,6.25,2016-01-18,,Operations
Re-Parking Garage,14:15,14:30,0.25,2015-11-22,,Operations
33-1 PM1 Part 2,16:06,17:26,1.25,2015-12-11,33,Bus
RO Coverage,7:00,8:00,1.0,2015-12-06,,Operations
35-2 PM2 Part 1,16:38,18:29,1.75,2015-12-18,35,Bus
ULEADER1 EVE Part 2,18:40,21:45,3.0,2015-12-21,,Service
38-3 MID,10:10,13:10,3.0,2016-01-19,38,Bus
ULEADER2 EVE,18:30,22:00,3.5,2016-01-20,,Service
39-2 MID,11:05,14:45,3.75,2016-01-21,39,Bus
ULEADER2 EVE,18:30,22:00,3.5,2016-01-22,,Service
38-1 AM, 6:20,10:40,4.25,2016-01-25,38,Bus
38-2 MID,11:10,14:10,3.0,2016-01-26,38,Bus
30-5 PM2,17:00,19:52,2.75,2016-01-27,30,Bus
38-3 MID,10:10,13:10,3.0,2016-01-28,38,Bus
38-3 PM1 A,13:10,14:40,1.5,2016-01-28,38,Bus
RO AM,08:00:00,14:15:00,6.25,2016-01-31,,Operations
38-2 MID,11:10,14:10,3.0,2016-02-02,38,Bus
30-5 PM2,17:00,19:52,2.75,2016-02-03,30,Bus
38-3 MID,10:10,13:10,3.0,2016-02-04,38,Bus
38-3 PM1 A,13:10,14:40,1.5,2016-02-04,38,Bus
RO AM,08:00:00,14:15:00,6.25,2016-02-07,,Operations
38-2 MID,11:10,14:10,3.0,2016-02-09,38,Bus
30-5 PM2,17:00,19:52,2.75,2016-02-10,30,Bus
38-3 MID,10:10,13:10,3.0,2016-02-11,38,Bus
38-3 PM1 A,13:10,14:40,1.5,2016-02-11,38,Bus
RO AM,08:00:00,14:15:00,6.25,2016-02-14,,Operations
31-3 EVE,19:40,25:00,5.25,2016-02-16,31,Bus
30-5 PM2,17:00,19:52,2.75,2016-02-17,30,Bus
38-3 MID,10:10,13:10,3.0,2016-02-18,38,Bus
38-3 PM1 A,13:10,14:40,1.5,2016-02-18,38,Bus
38-2 MID,11:10,14:10,3.0,2016-02-23,38,Bus
30-5 PM2,17:00,19:52,2.75,2016-02-24,30,Bus
38-3 MID,10:10,13:10,3.0,2016-02-25,38,Bus
38-3 PM1 A,13:10,14:40,1.5,2016-02-25,38,Bus
RO AM,08:00:00,14:15:00,6.25,2016-02-28,,Operations
38-2 MID,11:10,14:10,3.0,2016-03-01,38,Bus
30-5 PM2,17:00,19:52,2.75,2016-03-02,30,Bus
38-3 MID,10:10,13:10,3.0,2016-03-03,38,Bus
38-3 PM1 A,13:10,14:40,1.5,2016-03-03,38,Bus
31-4 PM2,16:36,20:22,3.75,2016-03-04,31,Bus
RO AM,08:00:00,14:15:00,6.25,2016-03-06,,Operations
38-2 MID,11:10,14:10,3.0,2016-03-08,38,Bus
30-5 PM2,17:00,19:52,2.75,2016-03-09,30,Bus
38-3 MID,10:10,13:10,3.0,2016-03-10,38,Bus
38-3 PM1 A,13:10,14:40,1.5,2016-03-10,38,Bus
33-2 MID,10:42,14:06,3.5,2016-03-15,33,Bus
38-3 PM1,15:40,19:00,3.25,2016-03-15,38,Bus
RO AM,6:00,12:45,6.75,2016-03-16,,Operations
31-3 AM,06:21,10:47,4.5,2016-03-17,31,Bus
33-1 PM2,17:26,21:00,3.5,2016-03-17,33,Bus
UD PM1,13:00,16:15,3.25,2016-03-18,,Operations
38-2 MID,11:10,14:10,3.0,2016-03-22,38,Bus
30-5 PM2,17:00,19:52,2.75,2016-03-23,30,Bus
38-3 MID,10:10,13:10,3.0,2016-03-24,38,Bus
38-3 PM1 A,13:10,14:40,1.5,2016-03-24,38,Bus
RO AM,08:00:00,14:15:00,6.25,2016-03-27,,Operations
38-2 MID,11:10,14:10,3.0,2016-03-29,38,Bus
30-5 PM2,17:00,19:52,2.75,2016-03-30,30,Bus
38-3 MID,10:10,13:10,3.0,2016-03-31,38,Bus
38-3 PM1 A,13:10,14:40,1.5,2016-03-31,38,Bus
RO AM,08:00:00,14:15:00,6.25,2016-04-03,,Operations
38-2 MID,11:10,14:10,3.0,2016-04-05,38,Bus
30-5 PM2,17:00,19:52,2.75,2016-04-06,30,Bus
38-3 MID,10:10,13:10,3.0,2016-04-07,38,Bus
38-3 PM1 A,13:10,14:40,1.5,2016-04-07,38,Bus
RO AM,08:00:00,14:15:00,6.25,2016-04-10,,Operations
39-1 MID,8:35,13:30,5.0,2016-04-10,39,Bus
38-2 MID,11:10,14:10,3.0,2016-04-12,38,Bus
30-5 PM2,17:00,19:52,2.75,2016-04-13,30,Bus
38-3 MID,10:10,13:10,3.0,2016-04-14,38,Bus
38-3 PM1 A,13:10,14:40,1.5,2016-04-14,38,Bus
RO AM,08:00:00,14:15:00,6.25,2016-04-17,,Operations
38-2 MID,11:10,14:10,3.0,2016-04-19,38,Bus
38-3 MID,10:10,13:10,3.0,2016-04-21,38,Bus
38-3 PM1 A,13:10,14:40,1.5,2016-04-21,38,Bus
RO AM,08:00:00,14:15:00,6.25,2016-04-24,,Operations
38-2 MID,11:10,14:10,3.0,2016-04-26,38,Bus
30-5 PM2,17:00,19:52,2.75,2016-04-27,30,Bus
38-3 MID,10:10,13:10,3.0,2016-04-28,38,Bus
38-3 PM1 A,13:10,14:40,1.5,2016-04-28,38,Bus
RO AM,08:00:00,14:15:00,6.25,2016-05-01,,Operations
38-2 MID,11:10,14:10,3.0,2016-05-02,38,Bus
38-2 MID,11:10,14:10,3.0,2016-05-03,38,Bus
38-3 MID,10:10,13:10,3.0,2016-05-05,38,Bus
39-1 MID Part 1,8:35,10:35,2.0,2016-02-07,39,Bus
35-3 PM1 Part 2,14:38,15:44,1.0,2016-02-09,35,Bus
38-2 PM1 Part 2,15:40,17:10,1.5,2016-02-08,38,Bus
31-3 PM1 Part 2,14:32,15:06,0.5,2016-02-10,31,Bus
34-3 PM1 Part 2,15:10,16:40,1.5,2016-02-10,34,Bus
34-2 PM1 Part 3,14:55,15:40,0.75,2016-02-11,34,Bus
Field Trip,7:30,8:00,0.5,2016-02-28,,Field Trip
30-3 PM1 Part 2,15:37,16:52,1.25,2016-02-17,30,Bus
31-5 PM1 Part 2,14:21,15:36,1.25,2016-02-17,31,Bus
Driver change,11:55,12:10,0.25,2016-02-22,,Bus
Drivers Meeting,19:00,20:30,1.5,2016-03-02,,Operations
45-7 PM2 Part 1,16:10,16:15,0.0,2016-03-18,45,Bus
45-7 PM2 Part 2,16:15,19:07,2.75,2016-03-18,45,Bus
30-1 AM Part 3,7:22,11:00,3.75,2016-03-18,30,Bus
ULEADER1EVE Part 3,20:30,22:00,1.5,2016-03-18,,Service
UCREW3EVE Part 2,19:07,20:30,1.5,2016-03-18,,Service
Driver change,20:00,20:15,0.25,2016-03-23,,Bus
30-3 PM1 Part 2,14:22,15:15,1.0,2016-04-06,30,Bus
UD PM2 Part 1,16:00,17:00,1.0,2016-04-06,,Operations
SERVICE2 MID,11:00,15:11,4.25,2016-05-18,,Service
SERVICE1 AM,7:01,11:00,4.0,2016-05-18,,Service
SERVICE2 MID,11:00,15:00,4.0,2016-05-31,,Service
SERVICE1 AM,7:02,11:00,4.0,2016-05-31,,Service
30-1 MID,11:00,14:22,3.25,2016-06-01,30,Bus
SERVICE1 AM,7:04,11:00,4.0,2016-06-01,,Service
RO AM,6:00,12:45,6.75,2016-06-03,,Operations
SERVICE2 PM1,15:05,19:00,4.0,2016-06-06,,Service
SERVICE1 AM,7:01,11:00,4.0,2016-06-07,,Service
31-1 PM1,14:11,18:40,4.5,2016-06-22,31,Bus
SERVICE2 AM,7:03,11:00,4.0,2016-06-24,,Service
SERVICE1 MID,11:00,15:00,4.0,2016-06-24,,Service
30-1 MID,10:25,14:52,4.5,2016-06-26,30,Bus
UD PM1,13:00,16:15,3.25,2016-06-28,,Operations
30-1 PM1,14:22,18:40,4.25,2016-06-29,30,Bus
33-1 MID,10:46,14:02,3.25,2016-06-29,33,Bus
SERVICE2 AM,7:00,11:00,4.0,2016-07-01,,Service
SERVICE2 MID,11:00,15:02,4.0,2016-07-01,,Service
31-1 EVE,19:02,23:40,4.75,2016-07-03,31,Bus
31-1 PM1,14:11,18:40,4.5,2016-07-05,31,Bus
30-1 AM,06:55,11:00,4.0,2016-07-06,30,Bus
UD PM1,13:00,16:15,3.25,2016-07-06,,Operations
RO EVE,18:00:00,24:45,6.75,2016-07-11,,Operations
36-1 PM1,13:45,17:05,3.25,2016-07-12,36,Bus
30-1 PM1,14:22,18:40,4.25,2016-07-13,30,Bus
31-3 MID,10:47,14:17,3.5,2016-07-13,31,Bus
SERVICE2 MID,11:00,15:01,4.0,2016-07-15,,Service
30-2 AM,06:45,10:52,4.0,2016-07-18,30,Bus
UD PM2,16:00,20:00,4.0,2016-07-18,,Operations
33-1 AM,06:46,10:46,4.0,2016-07-19,33,Bus
30-2 PM1,14:30,18:30,4.0,2016-07-20,30,Bus
33-2 MID,10:42,14:06,3.5,2016-07-20,33,Bus
Service Work,7:25,11:00,3.5,2016-07-22,,Service
SERVICE2 MID,11:00,15:00,4.0,2016-07-22,,Service
SERVICE2 AM,7:00,11:00,4.0,2016-07-25,,Service
SERVICE2 MID,11:00,15:00,4.0,2016-07-25,,Service
31-1 AM,06:28,10:41,4.25,2016-07-26,31,Bus
36-1 MID,10:45,14:05,3.25,2016-07-27,36,Bus
SERVICE1 PM1,15:00,19:00,4.0,2016-07-27,,Service
SERVICE2 AM,7:00,11:00,4.0,2016-07-29,,Service
SERVICE2 MID,11:00,15:00,4.0,2016-07-29,,Service
SERVICE2 MID,11:00,14:59,4.0,2016-08-01,,Service
SERVICE1 AM,7:00,11:00,4.0,2016-08-01,,Service
31-3 AM,06:21,10:47,4.5,2016-08-02,31,Bus
RO EVE,18:00:00,24:45,6.75,2016-08-03,,Operations
SERVICE2 AM,7:00,11:00,4.0,2016-08-05,,Service
SERVICE2 MID,11:00,15:00,4.0,2016-08-05,,Service
SERVICE2 AM,7:00,11:00,4.0,2016-08-08,,Service
SERVICE2 MID,11:00,15:00,4.0,2016-08-08,,Service
RO AM,6:00,12:45,6.75,2016-08-09,,Operations
36-1 MID,10:45,14:05,3.25,2016-08-10,36,Bus
SERVICE2 AM,7:00,11:00,4.0,2016-08-12,,Service
SERVICE2 MID,11:00,15:00,4.0,2016-08-12,,Service
SERVICE2 AM,8:52,11:00,2.25,2016-08-15,,Service
SERVICE2 MID,11:00,15:02,4.0,2016-08-15,,Service
RO AM,6:00,12:45,6.75,2016-08-16,,Operations
30-2 AM,06:45,10:52,4.0,2016-08-17,30,Bus
36-1 PM1,13:45,17:05,3.25,2016-08-17,36,Bus
30-1 MID,11:00,14:22,3.25,2016-08-19,30,Bus
UD PM2,16:00,20:00,4.0,2016-08-19,,Operations
SERVICE2 AM,7:05,11:00,4.0,2016-08-22,,Service
SERVICE2 MID,11:00,15:02,4.0,2016-08-22,,Service
RO AM,6:00,12:45,6.75,2016-08-23,,Operations
UD MID,10:00,13:15,3.25,2016-08-24,,Operations
SERVICE2 MID,11:00,15:00,4.0,2016-08-29,,Service
SERVICE1 AM,7:01,11:00,4.0,2016-08-29,,Service
RO AM,6:00,12:45,6.75,2016-08-30,,Operations
30-2 MID,10:52,14:30,3.75,2016-08-31,30,Bus
30-1 MID,11:00,14:22,3.25,2016-09-05,30,Bus
SERVICE2 AM,7:00,11:00,4.0,2016-09-05,,Service
Bus Swap,16:30,16:45,0.25,2016-04-13,,Bus
RO Meeting,17:30,18:30,1.0,2016-04-20,,Operations
Drivers Meeting,19:00,20:00,1.0,2016-04-20,,Operations
RO PM1 Part 2,14:15,14:30,0.25,2016-04-24,,Operations
31-4 PM2 Part 2,17:17,20:22,3.0,2016-04-29,31,Bus
RO PM1 Part 1,12:30,18:00,5.5,2016-06-27,,Operations
Field Trip,15:45,23:30,7.75,2016-07-15,,Field Trip
45-2 AM Part 1,06:40,7:00,0.25,2016-08-15,45,Bus
45-2 AM Part 2,7:00,08:54,2.0,2016-08-15,45,Bus
38-3 MID,10:10,13:10,3.0,2016-09-08,38,Bus
38-2 MID,11:10,14:10,3.0,2016-09-09,38,Bus
SERVICE1 PM1,15:02,19:00,4.0,2016-09-09,,Service
39-2 MID,11:00,14:20,3.25,2016-09-12,39,Bus
ULEADER1 EVE,18:30,22:00,3.5,2016-09-12,,Service
30-1 MID Part 1,11:00,13:00,2.0,2016-08-24,30,Bus
30-3 MID,10:37,14:00,3.5,2016-09-13,30,Bus
ULEADER2 EVE,18:30,22:00,3.5,2016-09-13,,Service
SERVICE2 MID,11:00:00,15:00:00,4.0,2016-09-14,,Service
RO AM,08:00:00,14:15:00,6.25,2016-09-18,,Operations
38-1 PM1,13:40,16:40,3.0,2016-09-20,38,Bus
ULEADER2 EVE,18:30,22:00,3.5,2016-09-20,,Service
SERVICE2 MID,11:00:00,15:00:00,4.0,2016-09-21,,Service
RO AM,08:00:00,14:15:00,6.25,2016-09-25,,Operations
38-1 PM1,13:40,16:40,3.0,2016-09-27,38,Bus
ULEADER2 EVE,18:30,22:00,3.5,2016-09-27,,Service
SERVICE2 MID,11:00,14:58,4.0,2016-09-28,,Service
RO AM,08:00:00,14:15:00,6.25,2016-10-02,,Operations
38-1 PM1,13:40,16:40,3.0,2016-10-04,38,Bus
ULEADER2 EVE,18:30,22:00,3.5,2016-10-04,,Service
SERVICE2 MID,11:00,14:42,3.75,2016-10-05,,Service
SERVICE2 MID,11:00:00,15:00:00,4.0,2016-10-12,,Service
RO AM,08:00:00,14:15:00,6.25,2016-10-16,,Operations
38-1 PM1,13:40,16:40,3.0,2016-10-18,38,Bus
ULEADER2 EVE,18:30,22:00,3.5,2016-10-18,,Service
SERVICE2 MID,11:00:00,15:00:00,4.0,2016-10-19,,Service
RO AM,08:00:00,14:15:00,6.25,2016-10-23,,Operations
38-1 PM1,13:40,16:40,3.0,2016-10-25,38,Bus
ULEADER2 EVE,18:30,22:00,3.5,2016-10-25,,Service
33-2 PM1,14:06,17:22,3.25,2016-10-28,33,Bus
38-2 PM2,16:45,20:45,4.0,2016-10-29,38,Bus
RO AM,08:00:00,14:15:00,6.25,2016-10-30,,Operations
38-1 PM1,13:40,16:40,3.0,2016-11-01,38,Bus
ULEADER2 EVE,18:30,22:00,3.5,2016-11-01,,Service
SERVICE2 MID,11:00:00,15:00:00,4.0,2016-11-02,,Service
RO AM,08:00:00,14:15:00,6.25,2016-11-06,,Operations
38-1 PM1,13:40,16:40,3.0,2016-11-08,38,Bus
ULEADER2 EVE,18:30,22:00,3.5,2016-11-08,,Service
SERVICE2 MID,11:00:00,15:00:00,4.0,2016-11-09,,Service
RO AM,08:00:00,14:15:00,6.25,2016-11-13,,Operations
38-1 PM1,13:40,16:40,3.0,2016-11-15,38,Bus
ULEADER2 EVE,18:30,22:00,3.5,2016-11-15,,Service
31-3 MID,10:47,14:17,3.5,2016-11-21,31,Bus
UD AM,6:15,10:15,4.0,2016-11-21,,Operations
SERVICE2 AM,7:00,11:00,4.0,2016-11-22,,Service
SERVICE2 MID,11:00,14:59,4.0,2016-11-22,,Service
38-1 PM1,13:40,16:40,3.0,2016-11-29,38,Bus
ULEADER2 EVE,18:30,22:00,3.5,2016-11-29,,Service
RO AM,08:00:00,14:15:00,6.25,2016-12-04,,Operations
38-1 PM1,13:40,16:40,3.0,2016-12-06,38,Bus
ULEADER2 EVE,18:30,22:00,3.5,2016-12-06,,Service
SERVICE2 MID,11:00:00,15:00:00,4.0,2016-12-07,,Service
38-1 PM1,13:40,16:40,3.0,2016-12-13,38,Bus
ULEADER2 EVE,18:30,22:00,3.5,2016-12-13,,Service
SERVICE2 MID,11:00:00,15:00:00,4.0,2016-12-14,,Service
RO AM,7:30,14:15,6.75,2016-12-18,,Operations
38-1 PM1,13:40,16:40,3.0,2016-12-20,38,Bus
ULEADER2 EVE,18:30,22:00,3.5,2016-12-20,,Service
SERVICE2 MID,10:59,14:59,4.0,2016-12-21,,Service
Parking School Trainer,8:00,17:00,9.0,2016-09-24,,Service
30-3 MID Part 2,12:45,13:07,0.25,2016-09-27,30,Bus
ULead Ran Over,22:00,22:25,0.5,2016-09-27,,Service
RO Meeting,17:30,18:30,1.0,2016-10-11,,Operations
Drivers Meeting,19:00,20:00,1.0,2016-10-11,,Operations
Parking,14:15,14:50,0.5,2016-10-16,,Operations
30-2 PM2 Part 2,18:45,20:00,1.25,2016-10-27,30,Bus
UCREW1 EVE Part 2,20:00,22:00,2.0,2016-10-27,,Service
RO Meeting,17:30,18:30,1.0,2016-11-16,,Operations
Drivers Meeting,19:00,20:00,1.0,2016-11-16,,Operations
Drivers Meeting,19:00,20:00,1.0,2016-11-16,,Operations
38-1 MID Part 1,8:25,10:05,1.75,2016-12-04,38,Bus
ULEADER2 EVE,18:30,22:00,3.5,2017-01-26,,Service
38-2 EVE,20:00,27:15,7.25,2017-01-27,38,Bus
39-1 EVE,20:00,24:50,4.75,2017-01-29,39,Bus
30-2 PM2,16:37,20:00,3.5,2017-01-30,30,Bus
38-1 PM2,16:40,19:45,3.0,2017-01-31,38,Bus
38-2 PM2,17:10,20:20,3.25,2017-02-02,38,Bus
35-2 PM1,13:38,16:38,3.0,2017-02-02,35,Bus
38-1 PM1,13:40,16:40,3.0,2017-02-03,38,Bus
ULEADER1 EVE,18:30,22:00,3.5,2017-02-03,,Service
RO AM,08:00:00,14:15:00,6.25,2017-02-05,,Operations
UCREW6 EVE,19:00,22:00,3.0,2017-02-06,,Service
38-1 PM2,16:40,19:45,3.0,2017-02-07,38,Bus
38-1 PM1,13:40,16:40,3.0,2017-02-10,38,Bus
ULEADER1 EVE,18:30,22:00,3.5,2017-02-10,,Service
RO AM,08:00:00,14:15:00,6.25,2017-02-12,,Operations
38-1 PM2,16:40,19:45,3.0,2017-02-14,38,Bus
38-2 PM2,17:10,20:20,3.25,2017-02-16,38,Bus
38-1 PM1,13:40,16:40,3.0,2017-02-17,38,Bus
ULEADER1 EVE,18:30,22:00,3.5,2017-02-17,,Service
RO AM,08:00:00,14:15:00,6.25,2017-02-19,,Operations
38-1 PM2,16:40,19:45,3.0,2017-02-21,38,Bus
38-2 PM2,17:10,20:20,3.25,2017-02-23,38,Bus
38-1 PM1,13:40,16:40,3.0,2017-02-24,38,Bus
ULEADER1 EVE,18:30,22:00,3.5,2017-02-24,,Service
38-1 PM2,16:40,19:45,3.0,2017-02-28,38,Bus
38-2 PM2,17:10,20:20,3.25,2017-03-02,38,Bus
RO AM,08:00:00,14:15:00,6.25,2017-03-05,,Operations
38-1 PM2,16:40,19:45,3.0,2017-03-07,38,Bus
38-2 PM2,17:10,20:20,3.25,2017-03-09,38,Bus
38-1 PM1,13:40,16:40,3.0,2017-03-10,38,Bus
ULEADER1 EVE,18:30,22:00,3.5,2017-03-10,,Service
30-2 EVE,19:40,25:30,5.75,2017-03-21,30,Bus
38-2 PM2,17:10,20:20,3.25,2017-03-23,38,Bus
38-1 PM1,13:40,16:40,3.0,2017-03-24,38,Bus
ULEADER1 EVE,18:30,22:00,3.5,2017-03-24,,Service
RO AM,08:00:00,14:15:00,6.25,2017-03-26,,Operations
38-1 PM2,16:40,19:45,3.0,2017-03-28,38,Bus
38-2 PM2,17:10,20:20,3.25,2017-03-30,38,Bus
38-1 PM1,13:40,16:40,3.0,2017-03-31,38,Bus
ULEADER1 EVE,18:30,22:00,3.5,2017-03-31,,Service
RO AM,08:00:00,14:15:00,6.25,2017-04-02,,Operations
38-1 PM2,16:40,19:45,3.0,2017-04-04,38,Bus
38-2 PM2,17:10,20:20,3.25,2017-04-06,38,Bus
38-1 PM1,13:40,16:40,3.0,2017-04-07,38,Bus
ULEADER1 EVE,18:30,22:00,3.5,2017-04-07,,Service
RO AM,08:00:00,14:15:00,6.25,2017-04-09,,Operations
38-1 PM2,16:40,19:45,3.0,2017-04-11,38,Bus
38-2 PM2,17:10,20:20,3.25,2017-04-13,38,Bus
38-1 PM1,13:40,16:40,3.0,2017-04-14,38,Bus
ULEADER1 EVE,18:30,22:00,3.5,2017-04-14,,Service
38-2 PM2,17:10,20:20,3.25,2017-04-20,38,Bus
38-1 PM1,13:40,16:40,3.0,2017-04-21,38,Bus
ULEADER1 EVE,18:30,22:00,3.5,2017-04-21,,Service
38-1 PM2,16:40,19:45,3.0,2017-04-25,38,Bus
38-2 PM2,17:10,20:20,3.25,2017-04-27,38,Bus
38-1 PM1,13:40,16:40,3.0,2017-04-28,38,Bus
38-1 PM2,16:40,19:45,3.0,2017-05-02,38,Bus
38-2 PM2,17:10,20:20,3.25,2017-05-04,38,Bus
38-1 PM1,13:40,16:40,3.0,2017-05-05,38,Bus
ULEADER1 EVE,18:30,22:00,3.5,2017-05-05,,Service
38-1 PM2,16:40,19:45,3.0,2017-05-09,38,Bus
38-2 PM2,17:10,20:20,3.25,2017-05-11,38,Bus
RO Meeting,17:30,18:30,1.0,2017-01-25,,Operations
Drivers Meeting,19:00,20:15,1.25,2017-01-25,,Operations
Completing Owls,13:00,13:15,0.25,2017-02-03,,Operations
30-4 MID Part 2,12:07,13:22,1.25,2017-02-07,30,Bus
33-2 MID Part 2,11:26,13:22,2.0,2017-02-10,33,Bus
Supervisor Part 1,8:00,17:00,9.0,2017-02-11,,Service
30-2 EVE Part 2,19:45,25:30,5.75,2017-02-14,30,Bus
helped,14:15,15:15,1.0,2017-02-12,,Bus
driver change,14:15,14:30,0.25,2017-03-05,,Bus
paperwork,21:00,21:15,0.25,2017-03-09,,Bus
RO Meeting,17:00,18:30,1.5,2017-03-08,,Operations
Drivers Meeting,19:00,20:15,1.25,2017-03-08,,Operations
38-1 PM2 Part 1,16:40,19:40,3.0,2017-03-21,38,Bus
ULEADER1 EVE Part 2,19:45,22:00,2.25,2017-04-04,,Service
SERVICE2 PM1 Part 1,15:00,16:40,1.75,2017-04-04,,Service
Service Work,6:59,11:00,4.0,2017-05-15,,Service
SERVICE2 MID,11:00,15:00,4.0,2017-05-15,,Service
RO AM,6:00,12:45,6.75,2017-05-18,,Operations
RO AM,6:00,12:45,6.75,2017-05-22,,Operations
RO AM,6:00,12:45,6.75,2017-06-01,,Operations
Service Work,10:58,15:00,4.0,2017-06-02,,Service
RO AM,6:00,12:45,6.75,2017-06-05,,Operations
Service Work,15:01,19:02,4.0,2017-06-08,,Service
RO AM,6:00,12:45,6.75,2017-08-21,,Operations
RO AM,6:00,12:45,6.75,2017-08-25,,Operations
SERVICE2 AM,7:00,11:00,4.0,2017-08-28,,Service
SERVICE2 MID,11:00,15:46,4.75,2017-08-28,,Service
SERVICE2 AM,7:00,11:00,4.0,2017-08-29,,Service
SERVICE2 MID,11:00,15:13,4.25,2017-08-29,,Service
UD MID,10:00,13:15,3.25,2017-08-31,,Operations
SERVICE1 PM1,15:00,19:00,4.0,2017-08-31,,Service
UD PM1,13:00,16:15,3.25,2017-09-01,,Operations
RO AM Part 1,7:45,9:00,1.25,2017-05-07,,Operations
SERVICE1 MID,11:00,15:01,4.0,2017-09-05,,Service
38-1 AM,6:20,10:40,4.25,2017-09-05,38,Bus
Service Work,7:18,11:00,3.75,2017-09-01,,Service
Service Work,11:11,13:00,1.75,2017-09-01,,Service
30-3 AM,6:57,10:37,3.75,2017-09-12,30,Bus
SERVICE2 AM,7:00,11:01,4.0,2017-09-13,,Service
38-1 MID,10:40,13:40,3.0,2017-09-14,38,Bus
SERVICE1 AM,7:00,11:01,4.0,2017-09-15,,Service
SERVICE1 AM,7:05,11:00,4.0,2017-09-18,,Service
SERVICE2 MID,11:00,15:01,4.0,2017-09-18,,Service
SERVICE1 MID,10:59,15:00,4.0,2017-09-19,,Service
30-3 AM,6:57,10:37,3.75,2017-09-19,30,Bus
38-1 MID,10:40,13:40,3.0,2017-09-21,38,Bus
SERVICE1 AM,7:01,11:00,4.0,2017-09-22,,Service
Service Work,7:01,11:00,4.0,2017-09-25,,Service
SERVICE2 MID,11:00,15:00,4.0,2017-09-25,,Service
Service Work,11:00,15:06,4.0,2017-09-26,,Service
30-3 AM,6:57,10:37,3.75,2017-09-26,30,Bus
Service Work,6:59,11:00,4.0,2017-09-27,,Service
38-1 MID,10:40,13:40,3.0,2017-09-28,38,Bus
Service Work,7:04,11:00,4.0,2017-09-29,,Service
Service Work,6:59,11:00,4.0,2017-10-02,,Service
SERVICE2 MID,11:00,15:00,4.0,2017-10-02,,Service
Service Work,10:58,15:02,4.0,2017-10-03,,Service
30-3 AM,6:57,10:37,3.75,2017-10-03,30,Bus
38-1 MID,10:40,13:40,3.0,2017-10-05,38,Bus
Service Work,6:59,11:14,4.25,2017-10-06,,Service
38-1 MID,10:40,13:40,3.0,2017-10-12,38,Bus
SERVICE1 AM,7:00,11:00,4.0,2017-10-13,,Service
SERVICE1 AM,7:00,11:00,4.0,2017-10-16,,Service
SERVICE2 MID,11:00,15:01,4.0,2017-10-16,,Service
SERVICE1 MID,11:00,15:00,4.0,2017-10-17,,Service
30-3 AM,6:57,10:37,3.75,2017-10-17,30,Bus
SERVICE2 AM,6:59,11:02,4.0,2017-10-18,,Service
ULEADER2 EVE,18:30,22:00,3.5,2017-10-18,,Service
38-1 MID,10:40,13:40,3.0,2017-10-19,38,Bus
SERVICE1 AM,7:20,11:00,3.75,2017-10-20,,Service
Service Work,6:59,11:00,4.0,2017-10-23,,Service
SERVICE2 MID,11:00,15:00,4.0,2017-10-23,,Service
SERVICE1 MID,11:00,15:00,4.0,2017-10-24,,Service
30-3 AM,6:57,10:37,3.75,2017-10-24,30,Bus
Service Work,7:02,11:00,4.0,2017-10-25,,Service
38-1 MID,10:40,13:40,3.0,2017-10-26,38,Bus
SERVICE1 AM,7:00,11:00,4.0,2017-10-27,,Service
SERVICE1 AM,7:00,11:00,4.0,2017-10-30,,Service
SERVICE2 MID,11:00,14:58,4.0,2017-10-30,,Service
SERVICE1 MID,10:57,15:01,4.0,2017-10-31,,Service
30-3 AM,6:57,10:37,3.75,2017-10-31,30,Bus
SERVICE2 AM,7:00,11:18,4.25,2017-11-01,,Service
38-1 MID,10:40,13:40,3.0,2017-11-02,38,Bus
SERVICE1 AM,7:00,11:00,4.0,2017-11-03,,Service
SERVICE2 MID,11:00,15:14,4.25,2017-11-08,,Service
SERVICE2 AM,7:00,11:00,4.0,2017-11-08,,Service
UD AM,6:15,10:30,4.25,2017-11-09,,Operations
38-1 MID,10:40,13:40,3.0,2017-11-09,38,Bus
SERVICE1 AM,7:06,11:02,4.0,2017-11-10,,Service
SERVICE1 AM,7:00,11:00,4.0,2017-11-13,,Service
SERVICE2 MID,11:00,15:06,4.0,2017-11-13,,Service
SERVICE1 MID,10:59,14:59,4.0,2017-11-14,,Service
30-3 AM,6:57,10:37,3.75,2017-11-14,30,Bus
SERVICE2 AM,6:59,11:00,4.0,2017-11-15,,Service
38-1 MID,10:40,13:40,3.0,2017-11-16,38,Bus
SERVICE1 AM,7:00,11:00,4.0,2017-11-17,,Service
SERVICE1 AM,7:00,11:00,4.0,2017-11-27,,Service
SERVICE2 MID,11:00,15:02,4.0,2017-11-27,,Service
SERVICE1 MID,11:00,15:00,4.0,2017-11-28,,Service
30-3 AM,6:57,10:37,3.75,2017-11-28,30,Bus
SERVICE2 AM,7:00,11:00,4.0,2017-11-29,,Service
38-1 MID,10:40,13:40,3.0,2017-11-30,38,Bus
SERVICE1 AM,7:01,11:00,4.0,2017-12-01,,Service
SERVICE1 AM,7:00,11:00,4.0,2017-12-04,,Service
SERVICE2 MID,11:00,15:17,4.25,2017-12-04,,Service
SERVICE1 MID,11:01,15:00,4.0,2017-12-05,,Service
30-3 AM,6:57,10:37,3.75,2017-12-05,30,Bus
SERVICE2 AM,7:01,11:59,5.0,2017-12-06,,Service
38-1 MID,10:40,13:40,3.0,2017-12-07,38,Bus
SERVICE1 AM,7:03,11:23,4.25,2017-12-08,,Service
SERVICE1 AM,7:01,11:00,4.0,2017-12-11,,Service
SERVICE2 MID,11:00,15:00,4.0,2017-12-11,,Service
35-3 AM,7:32,10:57,3.5,2017-12-11,35,Bus
SERVICE1 MID,11:00,15:00,4.0,2017-12-12,,Service
30-3 AM,6:57,10:37,3.75,2017-12-12,30,Bus
SERVICE2 AM,7:05,11:00,4.0,2017-12-13,,Service
38-1 MID,10:40,13:40,3.0,2017-12-14,38,Bus
SERVICE1 AM,7:00,11:00,4.0,2017-12-15,,Service
SERVICE1 AM,7:03,11:00,4.0,2017-12-18,,Service
SERVICE2 MID,11:00,15:00,4.0,2017-12-18,,Service
SERVICE1 MID,11:00,15:00,4.0,2017-12-19,,Service
30-3 AM,6:57,10:37,3.75,2017-12-19,30,Bus
SERVICE2 AM,6:58,11:03,4.0,2017-12-20,,Service
Service Work,6:58,10:59,4.0,2017-09-06,,Service
30-3 PM1 Part 1,14:00,15:00,1.0,2017-09-25,30,Bus
30-3 PM1 Part 2,15:00,16:52,1.75,2017-09-25,30,Bus
30-5 PM1 Part 1,13:37,15:00,1.5,2017-10-02,30,Bus
30-5 PM1 Part 2,15:00,16:07,1.0,2017-10-02,30,Bus
Service Work,9:00,11:56,3.0,2017-10-04,,Service
Drivers Meeting,19:00,20:00,1.0,2017-10-10,,Operations
RO Meeting,17:30,18:30,1.0,2017-10-10,,Operations
31-4 AM Part 1,7:08,11:00,3.75,2017-10-13,31,Bus
31-4 AM Part 2,11:00,11:02,0.0,2017-10-13,31,Bus
31-4 PM1 Part 1,14:06,14:47,0.75,2017-10-16,31,Bus
35-1 MID Part 1,10:47,11:00,0.25,2017-10-17,35,Bus
35-1 MID Part 2,11:00,11:52,0.75,2017-10-17,35,Bus
34-3 PM1 Part 2,14:00,14:25,0.5,2017-10-24,34,Bus
38-1 MID Part 1,10:40,11:00,0.25,2017-10-27,38,Bus
38-1 MID Part 2,11:00,12:10,1.25,2017-10-27,38,Bus
30-3 AM Part 1,6:57,10:30,3.5,2017-11-09,30,Bus
30-3 AM Part 2,10:30,10:37,0.0,2017-11-09,30,Bus
30-5 AM Part 2,9:52,10:45,1.0,2017-11-13,30,Bus
Drivers Meeting,19:00,20:00,1.0,2017-11-15,,Operations
RO Meeting,17:30,18:30,1.0,2017-11-15,,Operations
38-3 PM1 Part 1,13:10,15:00,1.75,2017-11-28,38,Bus
38-3 PM1 Part 2,15:00,16:10,1.25,2017-11-28,38,Bus
SERVICE2 AM,7:00,11:01,4.0,2018-01-02,,Service
38-2 MID,10:45,14:45,4.0,2018-01-08,38,Bus
UD AM,06:15:00,10:15:00,4.0,2018-01-08,,Operations
RO AM,6:00,12:45,6.75,2018-01-09,,Operations
38-2 MID,10:45,14:45,4.0,2018-01-10,38,Bus
45-1 AM,6:10,8:35,2.5,2018-01-10,45,Bus
SERVICE1 AM,7:00,11:00,4.0,2018-01-15,,Service
SERVICE1 MID,11:00,15:00,4.0,2018-01-15,,Service
SERVICE1 AM,6:59,11:00,4.0,2018-01-16,,Service
SERVICE1 MID,11:00,15:02,4.0,2018-01-16,,Service
38-1 AM,7:05,10:15,3.25,2018-01-17,38,Bus
34-1 AM Part 2,10:30,10:55,0.5,2017-12-08,34,Bus
38-1 AM,6:20,10:40,4.25,2018-01-24,38,Bus
39-1 MID,10:45,14:25,3.75,2018-01-24,39,Bus
SERVICE1 AM,7:01,11:00,4.0,2018-01-25,,Service
SERVICE1 MID,11:00,15:16,4.25,2018-01-25,,Service
RO Meeting,17:30,18:30,1.0,2018-01-24,,Operations
Drivers Meeting,19:00,20:00,1.0,2018-01-24,,Operations
45-2 AM,6:40,9:57,3.25,2018-01-30,45,Bus
SERVICE1 MID,11:00,15:01,4.0,2018-01-30,,Service
31-5 AM,7:23,10:36,3.25,2018-01-31,31,Bus
RO AM,5:30,12:30,7.0,2018-02-01,,Operations
31-4 PM1,14:06,16:36,2.5,2018-02-02,31,Bus
39-1 AM,7:00,11:25,4.5,2018-02-02,39,Bus
31-1 AM,6:46,10:51,4.0,2018-02-05,31,Bus
45-2 AM,6:40,9:57,3.25,2018-02-06,45,Bus
SERVICE1 MID,11:00,15:00,4.0,2018-02-06,,Service
51-2 AM,9:06,11:15,2.25,2018-02-08,51,Bus
RO AM,5:30,12:30,7.0,2018-02-08,,Operations
31-4 PM1,14:06,16:36,2.5,2018-02-09,31,Bus
39-1 AM,7:00,11:25,4.5,2018-02-09,39,Bus
31-1 AM,6:46,10:51,4.0,2018-02-12,31,Bus
SERVICE1 MID,11:00:00,15:00:00,4.0,2018-02-12,,Service
45-2 AM,6:40,9:57,3.25,2018-02-13,45,Bus
SERVICE1 MID,11:00,15:00,4.0,2018-02-13,,Service
38-2 MID,11:10,14:10,3.0,2018-02-14,38,Bus
SERVICE2 PM1,15:00,19:00,4.0,2018-02-14,,Service
38-3 PM1,13:10,16:10,3.0,2018-02-15,38,Bus
38-2 AM,6:25,11:10,4.75,2018-02-15,38,Bus
RO AM,5:30,12:30,7.0,2018-02-15,,Operations
31-4 PM1,14:06,16:36,2.5,2018-02-16,31,Bus
31-1 AM,6:28,10:41,4.25,2018-02-19,31,Bus
SERVICE1 MID,11:00,15:01,4.0,2018-02-19,,Service
45-2 AM,6:40,9:57,3.25,2018-02-20,45,Bus
SERVICE1 MID,11:02,15:00,4.0,2018-02-20,,Service
34-1 AM,6:45,10:55,4.25,2018-02-21,34,Bus
45-4 MID,12:07,14:10,2.0,2018-02-21,45,Bus
RO AM,5:30,12:30,7.0,2018-02-22,,Operations
31-4 PM1,14:06,16:36,2.5,2018-02-23,31,Bus
31-1 AM,6:46,10:51,4.0,2018-02-26,31,Bus
SERVICE1 MID,11:00:00,15:00:00,4.0,2018-02-26,,Service
45-2 AM,6:40,9:57,3.25,2018-02-27,45,Bus
Service Work,10:58,14:59,4.0,2018-02-27,,Service
38-3 PM1,13:10,16:10,3.0,2018-03-01,38,Bus
RO AM,5:30,12:30,7.0,2018-03-01,,Operations
39-1 AM,7:00,11:25,4.5,2018-03-02,39,Bus
31-1 AM,6:46,10:51,4.0,2018-03-05,31,Bus
Service Work,10:55,15:00,4.0,2018-03-05,,Service
45-2 AM,6:40,9:57,3.25,2018-03-06,45,Bus
Service Work,11:00,15:02,4.0,2018-03-06,,Service
30-5 AM,7:27,10:45,3.25,2018-03-08,30,Bus
RO AM,5:30,12:30,7.0,2018-03-08,,Operations
39-1 AM,7:00,11:25,4.5,2018-03-09,39,Bus
SERVICE1 AM,7:00,11:00,4.0,2018-03-12,,Service
SERVICE2 MID,11:00,15:00,4.0,2018-03-12,,Service
SERVICE2 AM,7:00,11:00,4.0,2018-03-13,,Service
SERVICE2 MID,11:00,15:00,4.0,2018-03-13,,Service
Service Work,7:01,11:00,4.0,2018-03-14,,Service
Service Work,11:00,15:03,4.0,2018-03-14,,Service
SERVICE1 AM,7:00,11:00,4.0,2018-03-15,,Service
SERVICE2 MID,11:00,15:00,4.0,2018-03-15,,Service
SERVICE1 AM,7:00,11:00,4.0,2018-03-16,,Service
Service Work,11:00,15:03,4.0,2018-03-16,,Service
31-1 AM,6:46,10:51,4.0,2018-03-19,31,Bus
SERVICE1 MID,11:00,14:59,4.0,2018-03-19,,Service
45-2 AM,6:40,9:57,3.25,2018-03-20,45,Bus
SERVICE1 MID,10:57,15:00,4.0,2018-03-20,,Service
38-3 AM,6:55,10:10,3.25,2018-03-21,38,Bus
39-1 MID,10:45,14:25,3.75,2018-03-21,39,Bus
RO AM,5:30,12:30,7.0,2018-03-22,,Operations
31-4 PM1,14:06,16:36,2.5,2018-03-23,31,Bus
39-1 AM,7:00,11:25,4.5,2018-03-23,39,Bus
31-1 AM,6:46,10:51,4.0,2018-03-26,31,Bus
SERVICE1 MID,11:00,14:59,4.0,2018-03-26,,Service
45-2 AM,6:40,9:57,3.25,2018-03-27,45,Bus
SERVICE1 MID,11:00,15:00,4.0,2018-03-27,,Service
31-1 AM,6:46,10:47,4.0,2018-04-02,31,Bus
SERVICE1 MID,11:00:00,15:00:00,4.0,2018-04-02,,Service
45-2 AM,6:40,9:57,3.25,2018-04-03,45,Bus
SERVICE1 MID,11:00,15:00,4.0,2018-04-03,,Service
RO AM,5:30,12:30,7.0,2018-04-05,,Operations
31-4 PM1,14:06,16:36,2.5,2018-04-06,31,Bus
39-1 AM,7:00,11:25,4.5,2018-04-06,39,Bus
31-1 AM,6:46,10:51,4.0,2018-04-09,31,Bus
Service Work,11:00,15:10,4.25,2018-04-09,,Service
45-2 AM,6:40,9:57,3.25,2018-04-10,45,Bus
Service Work,11:05,15:03,4.0,2018-04-10,,Service
30-5 AM,7:27,10:45,3.25,2018-04-11,30,Bus
33-1 AM,6:46,10:46,4.0,2018-04-12,33,Bus
RO AM,5:30,12:30,7.0,2018-04-12,,Operations
39-1 AM,7:00,11:25,4.5,2018-04-13,39,Bus
31-1 AM,6:28,10:41,4.25,2018-04-16,31,Bus
39-1 MID,10:45,14:25,3.75,2018-04-18,39,Bus
UD AM,6:15,10:30,4.25,2018-04-18,,Operations
RO AM,5:30,12:30,7.0,2018-04-19,,Operations
31-4 PM1,14:06,16:36,2.5,2018-04-20,31,Bus
39-1 AM,7:00,11:25,4.5,2018-04-20,39,Bus
31-1 AM,6:46,10:51,4.0,2018-04-23,31,Bus
45-2 AM,6:40,9:57,3.25,2018-04-24,45,Bus
SERVICE1 MID,10:58,15:00,4.0,2018-04-24,,Service
39-2 AM,7:40,11:55,4.25,2018-04-26,39,Bus
RO AM,5:30,12:30,7.0,2018-04-26,,Operations
31-4 PM1,14:06,16:36,2.5,2018-04-27,31,Bus
39-1 AM,7:00,11:25,4.5,2018-04-27,39,Bus
31-1 AM,6:46,10:51,4.0,2018-04-30,31,Bus
31-4 MID,11:02,14:06,3.0,2018-04-30,31,Bus
Service Work,11:00,14:59,4.0,2018-04-30,,Service
45-2 AM,6:40,9:57,3.25,2018-05-01,45,Bus
SERVICE1 MID,11:00,15:00,4.0,2018-05-01,,Service
RO AM,5:30,12:30,7.0,2018-05-03,,Operations
31-4 PM1,14:06,16:36,2.5,2018-05-04,31,Bus
39-1 AM,7:00,11:25,4.5,2018-05-04,39,Bus
31-1 AM,6:46,10:51,4.0,2018-05-07,31,Bus
SERVICE1 MID,11:15,14:58,3.75,2018-05-07,,Service
45-2 AM,6:40,9:57,3.25,2018-05-08,45,Bus
SERVICE1 MID,11:01,15:00,4.0,2018-05-08,,Service
RO AM,5:30,12:30,7.0,2018-05-10,,Operations
35-2 AM Part 1,7:17,10:17,3.0,2018-02-01,35,Bus
Picking up service,10:45,11:00,0.25,2018-01-30,,Operations
34-1 PM1 Part 1,13:55,14:24,0.5,2018-02-06,34,Bus
31-1 PM1 Part 3,15:51,17:06,1.25,2018-02-08,31,Bus
31-4 MID Part 3,12:51,14:06,1.25,2018-02-09,31,Bus
31-4 PM2 Part 1,16:36,17:17,0.75,2018-02-09,31,Bus
38-3 PM2 Part 1,16:10,17:40,1.5,2018-02-12,38,Bus
Backing the bus in,9:57,10:05,0.25,2018-02-06,,Bus
RO Help,11:45,12:25,0.75,2018-02-09,,Bus
30-1 MID Part 1,11:00,12:37,1.5,2018-02-12,30,Bus
39-1 AM Part 2,7:55,11:25,3.5,2018-02-16,39,Bus
34-3 MID Part 2,11:54,13:40,1.75,2018-02-16,34,Bus
39-1 AM Part 1,7:00,11:05,4.0,2018-02-23,39,Bus
39-1 MID Part 2,11:05,13:35,2.5,2018-02-23,39,Bus
31-4 PM2 Part 1,16:36,17:17,0.75,2018-02-23,31,Bus
30-1 MID Part 1,11:00,11:41,0.75,2018-02-26,30,Bus
30-3 PM2 Part 1,16:52,18:07,1.25,2018-02-26,30,Bus
30-3 PM1 Part 3,15:37,16:52,1.25,2018-02-26,30,Bus
31-1 MID Part 2,12:06,14:02,2.0,2018-03-09,31,Bus
33-1 PM1 Part 2,15:22,17:26,2.0,2018-03-15,33,Bus
30-2 PM1 Part 2,16:30,18:30,2.0,2018-03-14,30,Bus
RO Meeting,17:30,18:40,1.25,2018-03-21,,Operations
Drivers Meeting,19:00,20:10,1.25,2018-03-21,,Operations
30-4 MID Part 1,10:52,11:00,0.25,2018-03-26,30,Bus
30-4 MID Part 2,11:00,11:45,0.75,2018-03-26,30,Bus
31-3 MID Part 1,10:47,11:00,0.25,2018-04-02,31,Bus
31-3 MID Part 2,11:00,13:51,2.75,2018-04-02,31,Bus
30-3 MID Part 2,12:45,14:00,1.25,2018-04-05,30,Bus
30-2 PM1 Part 1,13:45,15:00,1.25,2018-04-09,30,Bus
39-2 PM1 Part 3,15:15,19:55,4.75,2018-04-10,39,Bus
33-2 MID Part 1,10:42,11:26,0.75,2018-04-12,33,Bus
Helped RO park bus,9:57,10:05,0.25,2018-04-10,,Bus
bus swap,10:45,11:00,0.25,2018-04-11,,Bus
34-1 AM Part 1,6:45,8:40,2.0,2018-04-18,34,Bus
34-2 AM Part 3,8:55,10:30,1.5,2018-04-18,34,Bus
34-2 AM Part 4,10:30,10:45,0.25,2018-04-18,34,Bus
Shift ran over,12:30,12:45,0.25,2018-04-19,,Operations
SERVICE1 MID,11:00,15:08,4.25,2018-05-11,,Service
SERVICE1 AM,6:59,11:00,4.0,2018-05-11,,Service
SERVICE2 AM,7:03,11:00,4.0,2018-05-14,,Service
36-1 MID,11:02,14:02,3.0,2018-05-14,36,Bus
UD MID,10:00,13:15,3.25,2018-05-15,,Operations
45-2 AM,6:40,8:54,2.25,2018-05-15,45,Bus
SERVICE2 AM,7:00,11:00,4.0,2018-05-16,,Service
SERVICE2 MID,11:00,15:00,4.0,2018-05-16,,Service
RO AM,6:00,12:45,6.75,2018-05-17,,Operations
Service Work,7:00,10:55,4.0,2018-05-21,,Service
36-1 MID,11:02,14:02,3.0,2018-05-21,36,Bus
SERVICE2 MID,11:00,15:00,4.0,2018-05-22,,Service
SERVICE1 AM,7:00,11:00,4.0,2018-05-22,,Service
Service Work,11:00,15:01,4.0,2018-05-24,,Service
45-2 AM,6:40,8:54,2.25,2018-05-24,45,Bus
SERVICE1 MID,11:00,15:00,4.0,2018-05-29,,Service
SERVICE1 AM,7:00,11:00,4.0,2018-05-29,,Service
Service Work,7:01,10:59,4.0,2018-05-30,,Service
Service Work,6:59,10:56,4.0,2018-05-31,,Service
36-1 MID,11:02,14:02,3.0,2018-05-31,36,Bus
30-1 MID,11:00,14:22,3.25,2018-06-01,30,Bus
33-2 AM,7:21,10:42,3.25,2018-06-01,33,Bus
RO AM,6:00,12:45,6.75,2018-06-04,,Operations
Service Work,7:00,11:01,4.0,2018-06-05,,Service
Service Work,11:01,15:00,4.0,2018-06-05,,Service
31-3 AM,6:21,10:47,4.5,2018-06-07,31,Bus
UD AM,06:15:00,10:15:00,4.0,2018-06-08,,Operations
SERVICE1 MID,11:00,15:00,4.0,2018-06-11,,Service
SERVICE1 AM,7:00,11:00,4.0,2018-06-11,,Service
RO AM,6:00,12:45,6.75,2018-06-12,,Operations
30-1 AM,6:55,11:00,4.0,2018-06-14,30,Bus
Service Work,7:00,11:01,4.0,2018-06-15,,Service
33-2 PM1,14:06,17:22,3.25,2018-06-15,33,Bus
Service Work,7:03,10:55,3.75,2018-06-19,,Service
30-1 MID,11:00,14:22,3.25,2018-06-19,30,Bus
SERVICE1 AM,7:00,11:00,4.0,2018-06-21,,Service
RO AM,6:00,12:45,6.75,2018-06-25,,Operations
Service Work,7:02,11:00,4.0,2018-06-26,,Service
SERVICE2 MID,11:00,15:00,4.0,2018-06-26,,Service
33-2 AM,7:21,10:42,3.25,2018-06-28,33,Bus
Service Work,15:00,18:16,3.25,2018-06-29,,Service
shift ran over,11:25,11:35,0.25,2018-04-20,,Bus
SERVICE1 MID Part 1,11:00:00,14:00,3.0,2018-04-23,,Service
31-5 MID Part 2,11:17,13:47,2.5,2018-04-23,31,Bus
35-3 PM1 Part 1,13:57,14:38,0.75,2018-04-24,35,Bus
39-2 MID Part 2,13:15,14:55,1.75,2018-04-26,39,Bus
39-2 MID Part 1,11:15,12:30,1.25,2018-05-03,39,Bus
39-2 MID Part 2,12:30,14:55,2.5,2018-05-03,39,Bus
31-3 PM1 Part 1,13:51,15:00,1.25,2018-05-08,31,Bus
31-3 PM1 Part 2,15:00,15:06,0.0,2018-05-08,31,Bus
33-2 AM Part 1,7:21,8:51,1.5,2018-05-10,33,Bus
Service Work,6:59,8:34,1.5,2018-05-25,,Service
36-1 AM Part 2,8:47,10:15,1.5,2018-06-08,36,Bus
36-1 AM Part 3,10:15,10:17,0.0,2018-06-08,36,Bus
